"0, 0, 0, 0"
"6, 3, 0, 3"
"0, 0, 0, 0"
"2, 1, 1, 0"
"1, 1, 0, 0"
"1, 1, 0, 0"
"0, 0, 0, 0"
"7, 5, 0, 2"
"2, 1, 1, 0"
"0, 0, 0, 0"
"3, 0, 1, 2"
"0, 0, 0, 0"
"2, 1, 1, 0"
"0, 0, 0, 0"
"1, 1, 0, 0"
"5, 2, 0, 3"
"1, 1, 0, 0"
"5, 4, 1, 0"
"5, 2, 0, 3"
"3, 2, 0, 1"
"5, 2, 1, 2"
"0, 0, 0, 0"
"2, 1, 0, 1"
"0, 0, 0, 0"
"0, 0, 0, 0"
"0, 0, 0, 0"
"6, 3, 0, 3"
"0, 0, 0, 0"
"6, 3, 0, 3"
"2, 1, 1, 0"
"1, 1, 0, 0"
"0, 0, 0, 0"
"0, 0, 0, 0"
"1, 1, 0, 0"
"0, 0, 0, 0"
"1, 1, 0, 0"
"3, 3, 0, 0"
"5, 1, 2, 2"
"0, 0, 0, 0"
"1, 1, 0, 0"
"5, 2, 1, 2"
"2, 1, 1, 0"
"0, 0, 0, 0"
"0, 0, 0, 0"
"5, 2, 0, 3"
"3, 3, 0, 0"
"0, 0, 0, 0"
"5, 4, 0, 1"
"2, 1, 1, 0"
"2, 1, 1, 0"
"0, 0, 0, 0"
"0, 0, 0, 0"
"2, 2, 0, 0"
"0, 0, 0, 0"
"0, 0, 0, 0"
"8, 4, 1, 3"
"0, 0, 0, 0"
"1, 1, 0, 0"
"0, 0, 0, 0"
"5, 4, 1, 0"
"1, 1, 0, 0"
"0, 0, 0, 0"
"0, 0, 0, 0"
"4, 3, 0, 1"
"2, 1, 1, 0"
"8, 7, 0, 1"
"5, 4, 1, 0"
"6, 3, 0, 3"
"0, 0, 0, 0"
"0, 0, 0, 0"
"3, 2, 1, 0"
"4, 2, 0, 2"
"0, 0, 0, 0"
"0, 0, 0, 0"
"0, 0, 0, 0"
"1, 1, 0, 0"
"0, 0, 0, 0"
"0, 0, 0, 0"
"1, 1, 0, 0"
"0, 0, 0, 0"
"0, 0, 0, 0"
"0, 0, 0, 0"
"0, 0, 0, 0"
"1, 1, 0, 0"
"0, 0, 0, 0"
"0, 0, 0, 0"
"0, 0, 0, 0"
"0, 0, 0, 0"
"1, 0, 0, 1"
"0, 0, 0, 0"
"2, 1, 0, 1"
"0, 0, 0, 0"
"3, 2, 0, 1"
"0, 0, 0, 0"
"3, 2, 0, 1"
"0, 0, 0, 0"
"1, 0, 0, 1"
"0, 0, 0, 0"
"3, 2, 0, 1"
"0, 0, 0, 0"
"0, 0, 0, 0"
"0, 0, 0, 0"
"3, 2, 0, 1"
"1, 0, 0, 1"
"0, 0, 0, 0"
"0, 0, 0, 0"
"0, 0, 0, 0"
"1, 1, 0, 0"
"0, 0, 0, 0"
"0, 0, 0, 0"
"3, 2, 0, 1"
"0, 0, 0, 0"
"0, 0, 0, 0"
"0, 0, 0, 0"
"0, 0, 0, 0"
"0, 0, 0, 0"
"1, 0, 0, 1"
"0, 0, 0, 0"
"3, 2, 0, 1"
"3, 2, 0, 1"
"3, 2, 0, 1"
"0, 0, 0, 0"
"1, 0, 0, 1"
"0, 0, 0, 0"
"3, 2, 0, 1"
"0, 0, 0, 0"
"0, 0, 0, 0"
"0, 0, 0, 0"
"0, 0, 0, 0"
"3, 2, 0, 1"
"0, 0, 0, 0"
"0, 0, 0, 0"
"0, 0, 0, 0"
"0, 0, 0, 0"
"1, 1, 0, 0"
"0, 0, 0, 0"
"0, 0, 0, 0"
"1, 0, 0, 1"
"0, 0, 0, 0"
"0, 0, 0, 0"
"0, 0, 0, 0"
"0, 0, 0, 0"
"1, 0, 0, 1"
"2, 1, 0, 1"
"0, 0, 0, 0"
"0, 0, 0, 0"
"3, 2, 0, 1"
"0, 0, 0, 0"
"3, 2, 0, 1"
"3, 2, 0, 1"
"3, 2, 0, 1"
"0, 0, 0, 0"
"0, 0, 0, 0"
"0, 0, 0, 0"
"2, 1, 0, 1"
"0, 0, 0, 0"
"3, 2, 0, 1"
"0, 0, 0, 0"
"0, 0, 0, 0"
"0, 0, 0, 0"
"0, 0, 0, 0"
"1, 0, 0, 1"
"0, 0, 0, 0"
"2, 1, 0, 1"
"1, 0, 0, 1"
"0, 0, 0, 0"
"3, 2, 0, 1"
"0, 0, 0, 0"
"2, 1, 0, 1"
"0, 0, 0, 0"
"1, 0, 0, 1"
"0, 0, 0, 0"
"5, 4, 0, 1"
"1, 0, 1, 0"
"0, 0, 0, 0"
"0, 0, 0, 0"
"0, 0, 0, 0"
"0, 0, 0, 0"
"0, 0, 0, 0"
"0, 0, 0, 0"
"0, 0, 0, 0"
"0, 0, 0, 0"
"0, 0, 0, 0"
"0, 0, 0, 0"
"0, 0, 0, 0"
"0, 0, 0, 0"
"0, 0, 0, 0"
"0, 0, 0, 0"
"0, 0, 0, 0"
"0, 0, 0, 0"
"1, 0, 1, 0"
"0, 0, 0, 0"
"4, 2, 0, 2"
"0, 0, 0, 0"
"0, 0, 0, 0"
"0, 0, 0, 0"
"0, 0, 0, 0"
"0, 0, 0, 0"
"0, 0, 0, 0"
"0, 0, 0, 0"
"0, 0, 0, 0"
"0, 0, 0, 0"
"1, 0, 0, 1"
"0, 0, 0, 0"
"0, 0, 0, 0"
"0, 0, 0, 0"
"1, 0, 1, 0"
"0, 0, 0, 0"
"0, 0, 0, 0"
"0, 0, 0, 0"
"0, 0, 0, 0"
"0, 0, 0, 0"
"0, 0, 0, 0"
"0, 0, 0, 0"
"0, 0, 0, 0"
"0, 0, 0, 0"
"0, 0, 0, 0"
"0, 0, 0, 0"
"7, 6, 0, 1"
"4, 2, 0, 2"
"1, 0, 1, 0"
"0, 0, 0, 0"
"0, 0, 0, 0"
"0, 0, 0, 0"
"0, 0, 0, 0"
"0, 0, 0, 0"
"0, 0, 0, 0"
"0, 0, 0, 0"
"0, 0, 0, 0"
"0, 0, 0, 0"
"0, 0, 0, 0"
"1, 0, 1, 0"
"0, 0, 0, 0"
"0, 0, 0, 0"
"0, 0, 0, 0"
"0, 0, 0, 0"
"0, 0, 0, 0"
"0, 0, 0, 0"
"0, 0, 0, 0"
"0, 0, 0, 0"
"0, 0, 0, 0"
"0, 0, 0, 0"
"4, 3, 0, 1"
"0, 0, 0, 0"
"0, 0, 0, 0"
"0, 0, 0, 0"
"0, 0, 0, 0"
"1, 0, 1, 0"
"0, 0, 0, 0"
"7, 5, 0, 2"
"0, 0, 0, 0"
"7, 6, 0, 1"
"4, 3, 0, 1"
"0, 0, 0, 0"
"0, 0, 0, 0"
"0, 0, 0, 0"
"0, 0, 0, 0"
"0, 0, 0, 0"
"0, 0, 0, 0"
"0, 0, 0, 0"
"0, 0, 0, 0"
"0, 0, 0, 0"
"0, 0, 0, 0"
"1, 0, 1, 0"
"0, 0, 0, 0"
"0, 0, 0, 0"
"0, 0, 0, 0"
"0, 0, 0, 0"
"0, 0, 0, 0"
"0, 0, 0, 0"
"0, 0, 0, 0"
"0, 0, 0, 0"
"0, 0, 0, 0"
"0, 0, 0, 0"
"8, 5, 0, 3"
"0, 0, 0, 0"
"0, 0, 0, 0"
"0, 0, 0, 0"
"0, 0, 0, 0"
"0, 0, 0, 0"
"0, 0, 0, 0"
"0, 0, 0, 0"
"0, 0, 0, 0"
"0, 0, 0, 0"
"0, 0, 0, 0"
"0, 0, 0, 0"
"0, 0, 0, 0"
"0, 0, 0, 0"
"0, 0, 0, 0"
"0, 0, 0, 0"
"0, 0, 0, 0"
"0, 0, 0, 0"
"0, 0, 0, 0"
"0, 0, 0, 0"
"0, 0, 0, 0"
"0, 0, 0, 0"
"1, 0, 0, 1"
"0, 0, 0, 0"
"0, 0, 0, 0"
"3, 2, 0, 1"
"0, 0, 0, 0"
"7, 6, 0, 1"
"0, 0, 0, 0"
"4, 3, 0, 1"
"0, 0, 0, 0"
"0, 0, 0, 0"
"0, 0, 0, 0"
"0, 0, 0, 0"
"0, 0, 0, 0"
"0, 0, 0, 0"
"0, 0, 0, 0"
"0, 0, 0, 0"
"0, 0, 0, 0"
"0, 0, 0, 0"
"0, 0, 0, 0"
"4, 2, 0, 2"
"1, 0, 1, 0"
"0, 0, 0, 0"
"0, 0, 0, 0"
"4, 2, 0, 2"
"0, 0, 0, 0"
"0, 0, 0, 0"
"1, 0, 0, 1"
"0, 0, 0, 0"
"0, 0, 0, 0"
"1, 0, 0, 1"
"0, 0, 0, 0"
"1, 0, 0, 1"
"4, 2, 0, 2"
"0, 0, 0, 0"
"0, 0, 0, 0"
"0, 0, 0, 0"
"0, 0, 0, 0"
"0, 0, 0, 0"
"0, 0, 0, 0"
"1, 0, 0, 1"
"0, 0, 0, 0"
"0, 0, 0, 0"
"0, 0, 0, 0"
"0, 0, 0, 0"
"0, 0, 0, 0"
"0, 0, 0, 0"
"0, 0, 0, 0"
"4, 3, 0, 1"
"0, 0, 0, 0"
"0, 0, 0, 0"
"0, 0, 0, 0"
"0, 0, 0, 0"
"0, 0, 0, 0"
"0, 0, 0, 0"
"0, 0, 0, 0"
"0, 0, 0, 0"
"0, 0, 0, 0"
"0, 0, 0, 0"
"0, 0, 0, 0"
"0, 0, 0, 0"
"0, 0, 0, 0"
"0, 0, 0, 0"
"0, 0, 0, 0"
"0, 0, 0, 0"
"0, 0, 0, 0"
"0, 0, 0, 0"
"0, 0, 0, 0"
"0, 0, 0, 0"
"0, 0, 0, 0"
"0, 0, 0, 0"
"0, 0, 0, 0"
"0, 0, 0, 0"
"0, 0, 0, 0"
"0, 0, 0, 0"
"0, 0, 0, 0"
"0, 0, 0, 0"
"0, 0, 0, 0"
"0, 0, 0, 0"
"0, 0, 0, 0"
"0, 0, 0, 0"
"0, 0, 0, 0"
"0, 0, 0, 0"
"0, 0, 0, 0"
"0, 0, 0, 0"
"0, 0, 0, 0"
"0, 0, 0, 0"
"0, 0, 0, 0"
"0, 0, 0, 0"
"0, 0, 0, 0"
"0, 0, 0, 0"
"0, 0, 0, 0"
"0, 0, 0, 0"
"0, 0, 0, 0"
"0, 0, 0, 0"
"0, 0, 0, 0"
"0, 0, 0, 0"
"0, 0, 0, 0"
"0, 0, 0, 0"
"0, 0, 0, 0"
"0, 0, 0, 0"
"0, 0, 0, 0"
"0, 0, 0, 0"
"0, 0, 0, 0"
"0, 0, 0, 0"
"0, 0, 0, 0"
"0, 0, 0, 0"
"0, 0, 0, 0"
"0, 0, 0, 0"
"0, 0, 0, 0"
"0, 0, 0, 0"
"0, 0, 0, 0"
"0, 0, 0, 0"
"0, 0, 0, 0"
"0, 0, 0, 0"
"0, 0, 0, 0"
"0, 0, 0, 0"
"0, 0, 0, 0"
"0, 0, 0, 0"
"0, 0, 0, 0"
"0, 0, 0, 0"
"0, 0, 0, 0"
"0, 0, 0, 0"
"0, 0, 0, 0"
"0, 0, 0, 0"
"0, 0, 0, 0"
"0, 0, 0, 0"
"0, 0, 0, 0"
"0, 0, 0, 0"
"0, 0, 0, 0"
"0, 0, 0, 0"
"0, 0, 0, 0"
"0, 0, 0, 0"
"0, 0, 0, 0"
"0, 0, 0, 0"
"0, 0, 0, 0"
"0, 0, 0, 0"
"0, 0, 0, 0"
"0, 0, 0, 0"
"0, 0, 0, 0"
"0, 0, 0, 0"
"0, 0, 0, 0"
"0, 0, 0, 0"
"0, 0, 0, 0"
"0, 0, 0, 0"
"0, 0, 0, 0"
"0, 0, 0, 0"
"0, 0, 0, 0"
"0, 0, 0, 0"
"0, 0, 0, 0"
"0, 0, 0, 0"
"0, 0, 0, 0"
"0, 0, 0, 0"
"0, 0, 0, 0"
"0, 0, 0, 0"
"0, 0, 0, 0"
"0, 0, 0, 0"
"0, 0, 0, 0"
"0, 0, 0, 0"
"0, 0, 0, 0"
"0, 0, 0, 0"
"0, 0, 0, 0"
"0, 0, 0, 0"
"0, 0, 0, 0"
"0, 0, 0, 0"
"0, 0, 0, 0"
"0, 0, 0, 0"
"0, 0, 0, 0"
"0, 0, 0, 0"
"0, 0, 0, 0"
"0, 0, 0, 0"
"0, 0, 0, 0"
"0, 0, 0, 0"
"0, 0, 0, 0"
"0, 0, 0, 0"
"0, 0, 0, 0"
"0, 0, 0, 0"
"0, 0, 0, 0"
"0, 0, 0, 0"
"0, 0, 0, 0"
"0, 0, 0, 0"
"0, 0, 0, 0"
"0, 0, 0, 0"
"0, 0, 0, 0"
"0, 0, 0, 0"
"0, 0, 0, 0"
"0, 0, 0, 0"
"0, 0, 0, 0"
"0, 0, 0, 0"
"0, 0, 0, 0"
"0, 0, 0, 0"
"0, 0, 0, 0"
"0, 0, 0, 0"
"0, 0, 0, 0"
"0, 0, 0, 0"
"0, 0, 0, 0"
"0, 0, 0, 0"
"0, 0, 0, 0"
"0, 0, 0, 0"
"0, 0, 0, 0"
"0, 0, 0, 0"
"0, 0, 0, 0"
"0, 0, 0, 0"
"0, 0, 0, 0"
"0, 0, 0, 0"
"0, 0, 0, 0"
"0, 0, 0, 0"
"0, 0, 0, 0"
"0, 0, 0, 0"
"0, 0, 0, 0"
"0, 0, 0, 0"
"0, 0, 0, 0"
"0, 0, 0, 0"
"0, 0, 0, 0"
"0, 0, 0, 0"
"0, 0, 0, 0"
"0, 0, 0, 0"
"0, 0, 0, 0"
"0, 0, 0, 0"
"0, 0, 0, 0"
"0, 0, 0, 0"
"0, 0, 0, 0"
"0, 0, 0, 0"
"0, 0, 0, 0"
"0, 0, 0, 0"
"0, 0, 0, 0"
"0, 0, 0, 0"
"0, 0, 0, 0"
"0, 0, 0, 0"
"0, 0, 0, 0"
"0, 0, 0, 0"
"0, 0, 0, 0"
"0, 0, 0, 0"
"0, 0, 0, 0"
"0, 0, 0, 0"
"0, 0, 0, 0"
"0, 0, 0, 0"
"0, 0, 0, 0"
"0, 0, 0, 0"
"0, 0, 0, 0"
"0, 0, 0, 0"
"0, 0, 0, 0"
"0, 0, 0, 0"
"0, 0, 0, 0"
"0, 0, 0, 0"
"0, 0, 0, 0"
"0, 0, 0, 0"
"0, 0, 0, 0"
"0, 0, 0, 0"
"0, 0, 0, 0"
"0, 0, 0, 0"
"0, 0, 0, 0"
"0, 0, 0, 0"
"0, 0, 0, 0"
"0, 0, 0, 0"
"0, 0, 0, 0"
"0, 0, 0, 0"
"0, 0, 0, 0"
"0, 0, 0, 0"
"0, 0, 0, 0"
"0, 0, 0, 0"
"0, 0, 0, 0"
"0, 0, 0, 0"
"0, 0, 0, 0"
"0, 0, 0, 0"
"0, 0, 0, 0"
"0, 0, 0, 0"
"0, 0, 0, 0"
"0, 0, 0, 0"
"0, 0, 0, 0"
"0, 0, 0, 0"
"0, 0, 0, 0"
"0, 0, 0, 0"
"0, 0, 0, 0"
"0, 0, 0, 0"
"0, 0, 0, 0"
"0, 0, 0, 0"
"0, 0, 0, 0"
"0, 0, 0, 0"
"0, 0, 0, 0"
"0, 0, 0, 0"
"0, 0, 0, 0"
"0, 0, 0, 0"
"0, 0, 0, 0"
"0, 0, 0, 0"
"0, 0, 0, 0"
"0, 0, 0, 0"
"0, 0, 0, 0"
"0, 0, 0, 0"
"0, 0, 0, 0"
"0, 0, 0, 0"
"0, 0, 0, 0"
"0, 0, 0, 0"
"0, 0, 0, 0"
"0, 0, 0, 0"
"0, 0, 0, 0"
"0, 0, 0, 0"
"0, 0, 0, 0"
"0, 0, 0, 0"
"0, 0, 0, 0"
"0, 0, 0, 0"
"0, 0, 0, 0"
"0, 0, 0, 0"
"0, 0, 0, 0"
"0, 0, 0, 0"
"0, 0, 0, 0"
"0, 0, 0, 0"
"0, 0, 0, 0"
"0, 0, 0, 0"
"0, 0, 0, 0"
"0, 0, 0, 0"
"0, 0, 0, 0"
"0, 0, 0, 0"
"3, 1, 0, 2"
"0, 0, 0, 0"
"2, 1, 0, 1"
"2, 0, 0, 2"
"0, 0, 0, 0"
"0, 0, 0, 0"
"0, 0, 0, 0"
"0, 0, 0, 0"
"4, 3, 0, 1"
"0, 0, 0, 0"
"0, 0, 0, 0"
"0, 0, 0, 0"
"0, 0, 0, 0"
"1, 0, 0, 1"
"1, 0, 0, 1"
"0, 0, 0, 0"
"0, 0, 0, 0"
"0, 0, 0, 0"
"0, 0, 0, 0"
"0, 0, 0, 0"
"0, 0, 0, 0"
"3, 0, 2, 1"
"0, 0, 0, 0"
"0, 0, 0, 0"
"3, 0, 2, 1"
"0, 0, 0, 0"
"3, 1, 0, 2"
"0, 0, 0, 0"
"0, 0, 0, 0"
"1, 0, 0, 1"
"0, 0, 0, 0"
"0, 0, 0, 0"
"8, 7, 0, 1"
"2, 0, 0, 2"
"0, 0, 0, 0"
"0, 0, 0, 0"
"0, 0, 0, 0"
"0, 0, 0, 0"
"0, 0, 0, 0"
"1, 0, 0, 1"
"0, 0, 0, 0"
"0, 0, 0, 0"
"0, 0, 0, 0"
"1, 0, 0, 1"
"3, 2, 0, 1"
"0, 0, 0, 0"
"0, 0, 0, 0"
"0, 0, 0, 0"
"4, 4, 0, 0"
"2, 1, 0, 1"
"3, 2, 0, 1"
"0, 0, 0, 0"
"1, 0, 0, 1"
"0, 0, 0, 0"
"3, 1, 0, 2"
"0, 0, 0, 0"
"0, 0, 0, 0"
"0, 0, 0, 0"
"0, 0, 0, 0"
"0, 0, 0, 0"
"0, 0, 0, 0"
"6, 2, 2, 2"
"0, 0, 0, 0"
"0, 0, 0, 0"
"0, 0, 0, 0"
"0, 0, 0, 0"
"0, 0, 0, 0"
"3, 1, 0, 2"
"1, 0, 0, 1"
"1, 0, 0, 1"
"4, 3, 0, 1"
"1, 0, 0, 1"
"0, 0, 0, 0"
"0, 0, 0, 0"
"3, 0, 2, 1"
"0, 0, 0, 0"
"0, 0, 0, 0"
"0, 0, 0, 0"
"0, 0, 0, 0"
"2, 1, 0, 1"
"0, 0, 0, 0"
"0, 0, 0, 0"
"0, 0, 0, 0"
"1, 0, 0, 1"
"0, 0, 0, 0"
"3, 2, 0, 1"
"0, 0, 0, 0"
"0, 0, 0, 0"
"3, 0, 2, 1"
"0, 0, 0, 0"
"0, 0, 0, 0"
"0, 0, 0, 0"
"0, 0, 0, 0"
"0, 0, 0, 0"
"0, 0, 0, 0"
"0, 0, 0, 0"
"2, 1, 0, 1"
"1, 0, 0, 1"
"1, 0, 0, 1"
"0, 0, 0, 0"
"4, 4, 0, 0"
"0, 0, 0, 0"
"0, 0, 0, 0"
"0, 0, 0, 0"
"1, 0, 0, 1"
"0, 0, 0, 0"
"2, 1, 0, 1"
"3, 2, 0, 1"
"0, 0, 0, 0"
"0, 0, 0, 0"
"0, 0, 0, 0"
"0, 0, 0, 0"
"4, 4, 0, 0"
"0, 0, 0, 0"
"0, 0, 0, 0"
"2, 1, 0, 1"
"0, 0, 0, 0"
"3, 1, 0, 2"
"0, 0, 0, 0"
"0, 0, 0, 0"
"3, 2, 0, 1"
"0, 0, 0, 0"
"8, 7, 0, 1"
"0, 0, 0, 0"
"0, 0, 0, 0"
"0, 0, 0, 0"
"0, 0, 0, 0"
"0, 0, 0, 0"
"0, 0, 0, 0"
"0, 0, 0, 0"
"2, 0, 0, 2"
"0, 0, 0, 0"
"0, 0, 0, 0"
"1, 0, 0, 1"
"3, 2, 0, 1"
"0, 0, 0, 0"
"8, 7, 0, 1"
"3, 0, 2, 1"
"0, 0, 0, 0"
"0, 0, 0, 0"
"0, 0, 0, 0"
"0, 0, 0, 0"
"0, 0, 0, 0"
"0, 0, 0, 0"
"0, 0, 0, 0"
"0, 0, 0, 0"
"4, 4, 0, 0"
"0, 0, 0, 0"
"0, 0, 0, 0"
"8, 7, 0, 1"
"0, 0, 0, 0"
"3, 0, 2, 1"
"0, 0, 0, 0"
"0, 0, 0, 0"
"0, 0, 0, 0"
"0, 0, 0, 0"
"0, 0, 0, 0"
"1, 0, 0, 1"
"1, 0, 0, 1"
"0, 0, 0, 0"
"4, 3, 0, 1"
"1, 0, 0, 1"
"0, 0, 0, 0"
"0, 0, 0, 0"
"0, 0, 0, 0"
"0, 0, 0, 0"
"0, 0, 0, 0"
"3, 3, 0, 0"
"0, 0, 0, 0"
"0, 0, 0, 0"
"0, 0, 0, 0"
"3, 3, 0, 0"
"0, 0, 0, 0"
"0, 0, 0, 0"
"1, 0, 0, 1"
"1, 1, 0, 0"
"0, 0, 0, 0"
"0, 0, 0, 0"
"3, 2, 0, 1"
"0, 0, 0, 0"
"0, 0, 0, 0"
"0, 0, 0, 0"
"3, 0, 1, 2"
"2, 2, 0, 0"
"0, 0, 0, 0"
"1, 0, 0, 1"
"0, 0, 0, 0"
"1, 0, 0, 1"
"0, 0, 0, 0"
"0, 0, 0, 0"
"3, 2, 0, 1"
"0, 0, 0, 0"
"4, 1, 0, 3"
"0, 0, 0, 0"
"1, 0, 0, 1"
"0, 0, 0, 0"
"0, 0, 0, 0"
"2, 1, 0, 1"
"3, 2, 0, 1"
"0, 0, 0, 0"
"1, 0, 0, 1"
"1, 0, 0, 1"
"1, 1, 0, 0"
"0, 0, 0, 0"
"0, 0, 0, 0"
"0, 0, 0, 0"
"0, 0, 0, 0"
"1, 0, 0, 1"
"0, 0, 0, 0"
"2, 0, 0, 2"
"1, 1, 0, 0"
"5, 1, 2, 2"
"0, 0, 0, 0"
"0, 0, 0, 0"
"3, 2, 0, 1"
"2, 1, 0, 1"
"0, 0, 0, 0"
"1, 0, 0, 1"
"0, 0, 0, 0"
"2, 2, 0, 0"
"0, 0, 0, 0"
"1, 0, 0, 1"
"0, 0, 0, 0"
"0, 0, 0, 0"
"1, 1, 0, 0"
"0, 0, 0, 0"
"3, 2, 0, 1"
"0, 0, 0, 0"
"2, 0, 0, 2"
"0, 0, 0, 0"
"0, 0, 0, 0"
"0, 0, 0, 0"
"0, 0, 0, 0"
"3, 0, 1, 2"
"0, 0, 0, 0"
"0, 0, 0, 0"
"0, 0, 0, 0"
"0, 0, 0, 0"
"0, 0, 0, 0"
"0, 0, 0, 0"
"0, 0, 0, 0"
"2, 0, 0, 2"
"3, 1, 0, 2"
"0, 0, 0, 0"
"0, 0, 0, 0"
"0, 0, 0, 0"
"3, 0, 1, 2"
"3, 2, 0, 1"
"0, 0, 0, 0"
"2, 0, 0, 2"
"1, 0, 0, 1"
"0, 0, 0, 0"
"0, 0, 0, 0"
"0, 0, 0, 0"
"3, 2, 0, 1"
"0, 0, 0, 0"
"3, 1, 0, 2"
"2, 0, 0, 2"
"0, 0, 0, 0"
"1, 1, 0, 0"
"0, 0, 0, 0"
"0, 0, 0, 0"
"1, 0, 0, 1"
"1, 0, 0, 1"
"2, 1, 0, 1"
"14, 12, 0, 2"
"0, 0, 0, 0"
"0, 0, 0, 0"
"18, 15, 0, 3"
"0, 0, 0, 0"
"2, 1, 0, 1"
"0, 0, 0, 0"
"0, 0, 0, 0"
"1, 1, 0, 0"
"1, 1, 0, 0"
"8, 7, 0, 1"
"0, 0, 0, 0"
"0, 0, 0, 0"
"0, 0, 0, 0"
"2, 1, 0, 1"
"2, 1, 0, 1"
"0, 0, 0, 0"
"6, 4, 0, 2"
"0, 0, 0, 0"
"0, 0, 0, 0"
"0, 0, 0, 0"
"0, 0, 0, 0"
"0, 0, 0, 0"
"4, 4, 0, 0"
"0, 0, 0, 0"
"0, 0, 0, 0"
"0, 0, 0, 0"
"0, 0, 0, 0"
"4, 4, 0, 0"
"0, 0, 0, 0"
"1, 1, 0, 0"
"0, 0, 0, 0"
"1, 1, 0, 0"
"2, 1, 0, 1"
"2, 1, 0, 1"
"6, 4, 0, 2"
"1, 1, 0, 0"
"0, 0, 0, 0"
"0, 0, 0, 0"
"0, 0, 0, 0"
"0, 0, 0, 0"
"0, 0, 0, 0"
"0, 0, 0, 0"
"4, 4, 0, 0"
"0, 0, 0, 0"
"0, 0, 0, 0"
"6, 4, 0, 2"
"0, 0, 0, 0"
"0, 0, 0, 0"
"1, 1, 0, 0"
"0, 0, 0, 0"
"0, 0, 0, 0"
"0, 0, 0, 0"
"0, 0, 0, 0"
"0, 0, 0, 0"
"0, 0, 0, 0"
"0, 0, 0, 0"
"1, 0, 0, 1"
"2, 1, 0, 1"
"0, 0, 0, 0"
"14, 12, 0, 2"
"1, 1, 0, 0"
"1, 1, 0, 0"
"0, 0, 0, 0"
"1, 1, 0, 0"
"2, 1, 0, 1"
"0, 0, 0, 0"
"0, 0, 0, 0"
"0, 0, 0, 0"
"0, 0, 0, 0"
"0, 0, 0, 0"
"1, 1, 0, 0"
"0, 0, 0, 0"
"2, 1, 0, 1"
"2, 1, 0, 1"
"4, 3, 0, 1"
"0, 0, 0, 0"
"0, 0, 0, 0"
"0, 0, 0, 0"
"1, 0, 0, 1"
"0, 0, 0, 0"
"4, 4, 0, 0"
"1, 1, 0, 0"
"0, 0, 0, 0"
"12, 11, 0, 1"
"0, 0, 0, 0"
"0, 0, 0, 0"
"0, 0, 0, 0"
"0, 0, 0, 0"
"8, 7, 0, 1"
"1, 1, 0, 0"
"1, 1, 0, 0"
"0, 0, 0, 0"
"5, 2, 0, 3"
"0, 0, 0, 0"
"5, 2, 0, 3"
"0, 0, 0, 0"
"0, 0, 0, 0"
"0, 0, 0, 0"
"0, 0, 0, 0"
"10, 8, 0, 2"
"0, 0, 0, 0"
"0, 0, 0, 0"
"0, 0, 0, 0"
"4, 2, 0, 2"
"0, 0, 0, 0"
"0, 0, 0, 0"
"0, 0, 0, 0"
"0, 0, 0, 0"
"4, 4, 0, 0"
"10, 8, 0, 2"
"0, 0, 0, 0"
"1, 1, 0, 0"
"0, 0, 0, 0"
"0, 0, 0, 0"
"0, 0, 0, 0"
"4, 3, 0, 1"
"2, 1, 0, 1"
"0, 0, 0, 0"
"6, 4, 0, 2"
"4, 2, 0, 2"
"2, 0, 0, 2"
"2, 2, 0, 0"
"4, 4, 0, 0"
"4, 2, 0, 2"
"1, 1, 0, 0"
"0, 0, 0, 0"
"0, 0, 0, 0"
"8, 5, 0, 3"
"1, 0, 0, 1"
"2, 2, 0, 0"
"6, 4, 0, 2"
"4, 2, 0, 2"
"0, 0, 0, 0"
"0, 0, 0, 0"
"0, 0, 0, 0"
"0, 0, 0, 0"
"4, 2, 0, 2"
"4, 2, 0, 2"
"2, 0, 0, 2"
"10, 8, 0, 2"
"0, 0, 0, 0"
"1, 0, 0, 1"
"2, 1, 0, 1"
"2, 1, 0, 1"
"6, 5, 0, 1"
"0, 0, 0, 0"
"4, 1, 0, 3"
"0, 0, 0, 0"
"5, 2, 0, 3"
"0, 0, 0, 0"
"4, 2, 0, 2"
"4, 4, 0, 0"
"6, 2, 0, 4"
"1, 1, 0, 0"
"1, 0, 0, 1"
"0, 0, 0, 0"
"4, 4, 0, 0"
"6, 4, 0, 2"
"2, 2, 0, 0"
"4, 2, 0, 2"
"6, 5, 0, 1"
"0, 0, 0, 0"
"4, 2, 0, 2"
"0, 0, 0, 0"
"0, 0, 0, 0"
"2, 2, 0, 0"
"6, 5, 0, 1"
"12, 9, 0, 3"
"0, 0, 0, 0"
"5, 2, 0, 3"
"1, 0, 0, 1"
"0, 0, 0, 0"
"0, 0, 0, 0"
"4, 3, 0, 1"
"6, 5, 0, 1"
"0, 0, 0, 0"
"11, 8, 0, 3"
"0, 0, 0, 0"
"2, 1, 0, 1"
"1, 0, 0, 1"
"4, 2, 0, 2"
"0, 0, 0, 0"
"4, 4, 0, 0"
"0, 0, 0, 0"
"0, 0, 0, 0"
"0, 0, 0, 0"
"0, 0, 0, 0"
"0, 0, 0, 0"
"0, 0, 0, 0"
"0, 0, 0, 0"
"0, 0, 0, 0"
"0, 0, 0, 0"
"0, 0, 0, 0"
"0, 0, 0, 0"
"0, 0, 0, 0"
"0, 0, 0, 0"
"0, 0, 0, 0"
"0, 0, 0, 0"
"0, 0, 0, 0"
"0, 0, 0, 0"
"0, 0, 0, 0"
"0, 0, 0, 0"
"0, 0, 0, 0"
"0, 0, 0, 0"
"0, 0, 0, 0"
"0, 0, 0, 0"
"0, 0, 0, 0"
"0, 0, 0, 0"
"0, 0, 0, 0"
"0, 0, 0, 0"
"0, 0, 0, 0"
"0, 0, 0, 0"
"0, 0, 0, 0"
"0, 0, 0, 0"
"0, 0, 0, 0"
"0, 0, 0, 0"
"0, 0, 0, 0"
"0, 0, 0, 0"
"0, 0, 0, 0"
"0, 0, 0, 0"
"0, 0, 0, 0"
"0, 0, 0, 0"
"0, 0, 0, 0"
"0, 0, 0, 0"
"0, 0, 0, 0"
"0, 0, 0, 0"
"0, 0, 0, 0"
"0, 0, 0, 0"
"0, 0, 0, 0"
"0, 0, 0, 0"
"0, 0, 0, 0"
"0, 0, 0, 0"
"0, 0, 0, 0"
"0, 0, 0, 0"
"0, 0, 0, 0"
"0, 0, 0, 0"
"0, 0, 0, 0"
"0, 0, 0, 0"
"0, 0, 0, 0"
"0, 0, 0, 0"
"0, 0, 0, 0"
"0, 0, 0, 0"
"0, 0, 0, 0"
"0, 0, 0, 0"
"0, 0, 0, 0"
"0, 0, 0, 0"
"0, 0, 0, 0"
"0, 0, 0, 0"
"0, 0, 0, 0"
"0, 0, 0, 0"
"0, 0, 0, 0"
"0, 0, 0, 0"
"0, 0, 0, 0"
"0, 0, 0, 0"
"0, 0, 0, 0"
"0, 0, 0, 0"
"0, 0, 0, 0"
"0, 0, 0, 0"
"0, 0, 0, 0"
"0, 0, 0, 0"
"0, 0, 0, 0"
"0, 0, 0, 0"
"0, 0, 0, 0"
"0, 0, 0, 0"
"0, 0, 0, 0"
"0, 0, 0, 0"
"0, 0, 0, 0"
"0, 0, 0, 0"
"0, 0, 0, 0"
"0, 0, 0, 0"
"6, 4, 2, 0"
"0, 0, 0, 0"
"0, 0, 0, 0"
"0, 0, 0, 0"
"0, 0, 0, 0"
"0, 0, 0, 0"
"0, 0, 0, 0"
"0, 0, 0, 0"
"0, 0, 0, 0"
"0, 0, 0, 0"
"0, 0, 0, 0"
"0, 0, 0, 0"
"0, 0, 0, 0"
"0, 0, 0, 0"
"0, 0, 0, 0"
"0, 0, 0, 0"
"0, 0, 0, 0"
"0, 0, 0, 0"
"0, 0, 0, 0"
"0, 0, 0, 0"
"0, 0, 0, 0"
"0, 0, 0, 0"
"0, 0, 0, 0"
"0, 0, 0, 0"
"0, 0, 0, 0"
"0, 0, 0, 0"
"0, 0, 0, 0"
"0, 0, 0, 0"
"0, 0, 0, 0"
"0, 0, 0, 0"
"0, 0, 0, 0"
"0, 0, 0, 0"
"0, 0, 0, 0"
"0, 0, 0, 0"
"0, 0, 0, 0"
"0, 0, 0, 0"
"0, 0, 0, 0"
"0, 0, 0, 0"
"0, 0, 0, 0"
"0, 0, 0, 0"
"0, 0, 0, 0"
"0, 0, 0, 0"
"0, 0, 0, 0"
"0, 0, 0, 0"
"0, 0, 0, 0"
"13, 9, 2, 2"
"4, 4, 0, 0"
"5, 4, 0, 1"
"9, 7, 1, 1"
"6, 5, 0, 1"
"7, 5, 0, 2"
"8, 5, 0, 3"
"14, 10, 2, 2"
"8, 8, 0, 0"
"12, 8, 0, 4"
"10, 8, 1, 1"
"6, 3, 0, 3"
"5, 4, 0, 1"
"9, 6, 1, 2"
"4, 2, 0, 2"
"4, 3, 0, 1"
"0, 0, 0, 0"
"7, 6, 0, 1"
"0, 0, 0, 0"
"4, 2, 1, 1"
"9, 8, 0, 1"
"0, 0, 0, 0"
"9, 8, 0, 1"
"4, 1, 0, 3"
"1, 0, 0, 1"
"0, 0, 0, 0"
"5, 3, 1, 1"
"19, 16, 1, 2"
"0, 0, 0, 0"
"7, 5, 0, 2"
"4, 4, 0, 0"
"0, 0, 0, 0"
"1, 1, 0, 0"
"7, 4, 1, 2"
"8, 5, 1, 2"
"4, 3, 0, 1"
"8, 8, 0, 0"
"9, 7, 1, 1"
"2, 2, 0, 0"
"5, 4, 0, 1"
"4, 3, 0, 1"
"0, 0, 0, 0"
"4, 4, 0, 0"
"0, 0, 0, 0"
"8, 7, 0, 1"
"10, 8, 1, 1"
"4, 3, 0, 1"
"1, 1, 0, 0"
"1, 0, 0, 1"
"3, 2, 0, 1"
"5, 4, 0, 1"
"4, 3, 0, 1"
"5, 4, 0, 1"
"5, 4, 0, 1"
"5, 4, 0, 1"
"4, 4, 0, 0"
"0, 0, 0, 0"
"12, 11, 0, 1"
"0, 0, 0, 0"
"7, 4, 0, 3"
"5, 4, 0, 1"
"0, 0, 0, 0"
"0, 0, 0, 0"
"7, 5, 0, 2"
"4, 3, 0, 1"
"0, 0, 0, 0"
"0, 0, 0, 0"
"0, 0, 0, 0"
"1, 1, 0, 0"
"1, 1, 0, 0"
"9, 6, 1, 2"
"0, 0, 0, 0"
"4, 4, 0, 0"
"4, 4, 0, 0"
"0, 0, 0, 0"
"10, 8, 1, 1"
"13, 10, 1, 2"
"9, 7, 1, 1"
"2, 2, 0, 0"
"5, 4, 0, 1"
"0, 0, 0, 0"
"4, 3, 0, 1"
"8, 5, 1, 2"
"0, 0, 0, 0"
"4, 4, 0, 0"
"10, 8, 1, 1"
"9, 4, 1, 4"
"9, 6, 0, 3"
"0, 0, 0, 0"
"0, 0, 0, 0"
"0, 0, 0, 0"
"9, 7, 0, 2"
"4, 3, 0, 1"
"18, 11, 1, 6"
"5, 5, 0, 0"
"14, 11, 0, 3"
"0, 0, 0, 0"
"7, 7, 0, 0"
"4, 3, 0, 1"
"0, 0, 0, 0"
"0, 0, 0, 0"
"3, 3, 0, 0"
"16, 14, 0, 2"
"5, 4, 0, 1"
"5, 4, 0, 1"
"0, 0, 0, 0"
"17, 12, 1, 4"
"1, 1, 0, 0"
"13, 12, 0, 1"
"0, 0, 0, 0"
"4, 3, 0, 1"
"0, 0, 0, 0"
"14, 10, 1, 3"
"7, 7, 0, 0"
"8, 7, 0, 1"
"4, 4, 0, 0"
"0, 0, 0, 0"
"6, 5, 0, 1"
"15, 14, 0, 1"
"2, 2, 0, 0"
"17, 12, 1, 4"
"0, 0, 0, 0"
"3, 3, 0, 0"
"4, 3, 0, 1"
"0, 0, 0, 0"
"11, 10, 0, 1"
"13, 9, 1, 3"
"0, 0, 0, 0"
"5, 3, 0, 2"
"10, 6, 1, 3"
"7, 7, 0, 0"
"4, 3, 0, 1"
"8, 7, 0, 1"
"0, 0, 0, 0"
"6, 3, 1, 2"
"7, 7, 0, 0"
"10, 6, 0, 4"
"5, 4, 0, 1"
"11, 10, 0, 1"
"16, 11, 1, 4"
"9, 7, 0, 2"
"0, 0, 0, 0"
"15, 10, 0, 5"
"1, 1, 0, 0"
"0, 0, 0, 0"
"0, 0, 0, 0"
"0, 0, 0, 0"
"0, 0, 0, 0"
"0, 0, 0, 0"
"0, 0, 0, 0"
"0, 0, 0, 0"
"0, 0, 0, 0"
"0, 0, 0, 0"
"10, 7, 0, 3"
"0, 0, 0, 0"
"0, 0, 0, 0"
"0, 0, 0, 0"
"7, 3, 0, 4"
"1, 0, 0, 1"
"0, 0, 0, 0"
"0, 0, 0, 0"
"0, 0, 0, 0"
"0, 0, 0, 0"
"0, 0, 0, 0"
"0, 0, 0, 0"
"1, 1, 0, 0"
"2, 1, 0, 1"
"0, 0, 0, 0"
"5, 2, 0, 3"
"0, 0, 0, 0"
"0, 0, 0, 0"
"0, 0, 0, 0"
"0, 0, 0, 0"
"0, 0, 0, 0"
"0, 0, 0, 0"
"0, 0, 0, 0"
"0, 0, 0, 0"
"0, 0, 0, 0"
"0, 0, 0, 0"
"0, 0, 0, 0"
"0, 0, 0, 0"
"0, 0, 0, 0"
"4, 3, 0, 1"
"0, 0, 0, 0"
"0, 0, 0, 0"
"0, 0, 0, 0"
"0, 0, 0, 0"
"0, 0, 0, 0"
"7, 3, 0, 4"
"1, 0, 0, 1"
"0, 0, 0, 0"
"0, 0, 0, 0"
"0, 0, 0, 0"
"0, 0, 0, 0"
"6, 4, 0, 2"
"0, 0, 0, 0"
"0, 0, 0, 0"
"13, 7, 0, 6"
"0, 0, 0, 0"
"0, 0, 0, 0"
"0, 0, 0, 0"
"0, 0, 0, 0"
"0, 0, 0, 0"
"6, 4, 0, 2"
"0, 0, 0, 0"
"0, 0, 0, 0"
"0, 0, 0, 0"
"0, 0, 0, 0"
"0, 0, 0, 0"
"0, 0, 0, 0"
"2, 1, 0, 1"
"0, 0, 0, 0"
"5, 2, 0, 3"
"0, 0, 0, 0"
"0, 0, 0, 0"
"0, 0, 0, 0"
"0, 0, 0, 0"
"0, 0, 0, 0"
"0, 0, 0, 0"
"0, 0, 0, 0"
"2, 1, 0, 1"
"0, 0, 0, 0"
"4, 3, 0, 1"
"0, 0, 0, 0"
"0, 0, 0, 0"
"0, 0, 0, 0"
"0, 0, 0, 0"
"0, 0, 0, 0"
"0, 0, 0, 0"
"1, 1, 0, 0"
"5, 2, 0, 3"
"1, 0, 0, 1"
"0, 0, 0, 0"
"0, 0, 0, 0"
"0, 0, 0, 0"
"0, 0, 0, 0"
"0, 0, 0, 0"
"0, 0, 0, 0"
"0, 0, 0, 0"
"13, 10, 0, 3"
"0, 0, 0, 0"
"0, 0, 0, 0"
"0, 0, 0, 0"
"0, 0, 0, 0"
"1, 0, 0, 1"
"7, 3, 0, 4"
"0, 0, 0, 0"
"0, 0, 0, 0"
"0, 0, 0, 0"
"1, 1, 0, 0"
"2, 1, 0, 1"
"0, 0, 0, 0"
"0, 0, 0, 0"
"0, 0, 0, 0"
"0, 0, 0, 0"
"1, 0, 0, 1"
"5, 2, 0, 3"
"0, 0, 0, 0"
"0, 0, 0, 0"
"0, 0, 0, 0"
"0, 0, 0, 0"
"0, 0, 0, 0"
"0, 0, 0, 0"
"0, 0, 0, 0"
"0, 0, 0, 0"
"0, 0, 0, 0"
"0, 0, 0, 0"
"0, 0, 0, 0"
"0, 0, 0, 0"
"0, 0, 0, 0"
"11, 6, 0, 5"
"1, 0, 0, 1"
"0, 0, 0, 0"
"0, 0, 0, 0"
"0, 0, 0, 0"
"0, 0, 0, 0"
"1, 0, 0, 1"
"13, 10, 0, 3"
"7, 6, 0, 1"
"19, 12, 0, 7"
"23, 17, 1, 5"
"3, 1, 0, 2"
"19, 12, 1, 6"
"1, 0, 0, 1"
"0, 0, 0, 0"
"6, 3, 0, 3"
"1, 0, 0, 1"
"11, 8, 0, 3"
"9, 5, 0, 4"
"11, 9, 0, 2"
"3, 1, 0, 2"
"8, 5, 1, 2"
"1, 0, 0, 1"
"6, 3, 0, 3"
"0, 0, 0, 0"
"1, 0, 0, 1"
"9, 6, 0, 3"
"5, 4, 0, 1"
"19, 12, 1, 6"
"2, 2, 0, 0"
"0, 0, 0, 0"
"4, 2, 0, 2"
"13, 10, 0, 3"
"3, 1, 0, 2"
"1, 0, 0, 1"
"14, 11, 0, 3"
"8, 6, 0, 2"
"1, 0, 0, 1"
"12, 9, 0, 3"
"11, 6, 0, 5"
"1, 0, 0, 1"
"0, 0, 0, 0"
"2, 1, 0, 1"
"8, 5, 1, 2"
"0, 0, 0, 0"
"5, 2, 0, 3"
"0, 0, 0, 0"
"1, 0, 0, 1"
"7, 6, 0, 1"
"24, 15, 0, 9"
"1, 0, 0, 1"
"0, 0, 0, 0"
"5, 2, 0, 3"
"2, 1, 0, 1"
"2, 1, 0, 1"
"13, 10, 0, 3"
"6, 5, 0, 1"
"11, 9, 0, 2"
"7, 6, 0, 1"
"3, 1, 0, 2"
"12, 9, 0, 3"
"0, 0, 0, 0"
"2, 1, 0, 1"
"11, 9, 0, 2"
"16, 11, 0, 5"
"1, 0, 0, 1"
"5, 2, 0, 3"
"9, 7, 0, 2"
"3, 1, 0, 2"
"19, 13, 0, 6"
"0, 0, 0, 0"
"12, 8, 0, 4"
"2, 2, 0, 0"
"2, 2, 0, 0"
"0, 0, 0, 0"
"0, 0, 0, 0"
"0, 0, 0, 0"
"0, 0, 0, 0"
"0, 0, 0, 0"
"5, 4, 0, 1"
"0, 0, 0, 0"
"0, 0, 0, 0"
"0, 0, 0, 0"
"0, 0, 0, 0"
"2, 2, 0, 0"
"0, 0, 0, 0"
"0, 0, 0, 0"
"0, 0, 0, 0"
"0, 0, 0, 0"
"0, 0, 0, 0"
"0, 0, 0, 0"
"2, 2, 0, 0"
"0, 0, 0, 0"
"3, 2, 0, 1"
"0, 0, 0, 0"
"2, 2, 0, 0"
"0, 0, 0, 0"
"0, 0, 0, 0"
"0, 0, 0, 0"
"1, 0, 0, 1"
"2, 2, 0, 0"
"2, 2, 0, 0"
"1, 0, 0, 1"
"0, 0, 0, 0"
"0, 0, 0, 0"
"0, 0, 0, 0"
"0, 0, 0, 0"
"2, 2, 0, 0"
"0, 0, 0, 0"
"0, 0, 0, 0"
"0, 0, 0, 0"
"0, 0, 0, 0"
"0, 0, 0, 0"
"12, 8, 0, 4"
"2, 2, 0, 0"
"0, 0, 0, 0"
"3, 2, 0, 1"
"0, 0, 0, 0"
"2, 2, 0, 0"
"0, 0, 0, 0"
"0, 0, 0, 0"
"1, 0, 0, 1"
"2, 2, 0, 0"
"2, 2, 0, 0"
"3, 2, 0, 1"
"0, 0, 0, 0"
"0, 0, 0, 0"
"4, 2, 0, 2"
"1, 0, 0, 1"
"1, 0, 0, 1"
"0, 0, 0, 0"
"2, 2, 0, 0"
"0, 0, 0, 0"
"0, 0, 0, 0"
"0, 0, 0, 0"
"0, 0, 0, 0"
"1, 0, 0, 1"
"2, 2, 0, 0"
"0, 0, 0, 0"
"0, 0, 0, 0"
"2, 2, 0, 0"
"1, 0, 0, 1"
"0, 0, 0, 0"
"0, 0, 0, 0"
"1, 0, 0, 1"
"3, 3, 0, 0"
"0, 0, 0, 0"
"3, 3, 0, 0"
"0, 0, 0, 0"
"0, 0, 0, 0"
"0, 0, 0, 0"
"3, 3, 0, 0"
"0, 0, 0, 0"
"0, 0, 0, 0"
"0, 0, 0, 0"
"0, 0, 0, 0"
"0, 0, 0, 0"
"0, 0, 0, 0"
"0, 0, 0, 0"
"2, 0, 0, 2"
"1, 0, 0, 1"
"2, 0, 0, 2"
"1, 0, 0, 1"
"3, 1, 0, 2"
"2, 0, 0, 2"
"0, 0, 0, 0"
"1, 0, 0, 1"
"1, 0, 0, 1"
"1, 0, 0, 1"
"6, 5, 0, 1"
"4, 1, 0, 3"
"2, 0, 0, 2"
"2, 0, 0, 2"
"8, 5, 0, 3"
"1, 0, 0, 1"
"2, 1, 0, 1"
"1, 0, 0, 1"
"0, 0, 0, 0"
"0, 0, 0, 0"
"0, 0, 0, 0"
"0, 0, 0, 0"
"0, 0, 0, 0"
"0, 0, 0, 0"
"0, 0, 0, 0"
"0, 0, 0, 0"
"0, 0, 0, 0"
"0, 0, 0, 0"
"0, 0, 0, 0"
"0, 0, 0, 0"
"0, 0, 0, 0"
"0, 0, 0, 0"
"0, 0, 0, 0"
"0, 0, 0, 0"
"0, 0, 0, 0"
"0, 0, 0, 0"
"0, 0, 0, 0"
"0, 0, 0, 0"
"0, 0, 0, 0"
"0, 0, 0, 0"
"0, 0, 0, 0"
"0, 0, 0, 0"
"0, 0, 0, 0"
"0, 0, 0, 0"
"0, 0, 0, 0"
"0, 0, 0, 0"
"0, 0, 0, 0"
"0, 0, 0, 0"
"0, 0, 0, 0"
"0, 0, 0, 0"
"0, 0, 0, 0"
"0, 0, 0, 0"
"0, 0, 0, 0"
"0, 0, 0, 0"
"0, 0, 0, 0"
"0, 0, 0, 0"
"0, 0, 0, 0"
"0, 0, 0, 0"
"0, 0, 0, 0"
"0, 0, 0, 0"
"0, 0, 0, 0"
"0, 0, 0, 0"
"0, 0, 0, 0"
"0, 0, 0, 0"
"0, 0, 0, 0"
"0, 0, 0, 0"
"0, 0, 0, 0"
"0, 0, 0, 0"
"0, 0, 0, 0"
"0, 0, 0, 0"
"0, 0, 0, 0"
"0, 0, 0, 0"
"0, 0, 0, 0"
"0, 0, 0, 0"
"4, 3, 0, 1"
"0, 0, 0, 0"
"0, 0, 0, 0"
"7, 6, 0, 1"
"2, 2, 0, 0"
"2, 1, 0, 1"
"0, 0, 0, 0"
"11, 10, 0, 1"
"3, 2, 0, 1"
"0, 0, 0, 0"
"3, 3, 0, 0"
"0, 0, 0, 0"
"0, 0, 0, 0"
"0, 0, 0, 0"
"2, 1, 0, 1"
"0, 0, 0, 0"
"3, 2, 0, 1"
"0, 0, 0, 0"
"0, 0, 0, 0"
"0, 0, 0, 0"
"0, 0, 0, 0"
"3, 3, 0, 0"
"0, 0, 0, 0"
"3, 3, 0, 0"
"0, 0, 0, 0"
"0, 0, 0, 0"
"0, 0, 0, 0"
"5, 4, 0, 1"
"0, 0, 0, 0"
"0, 0, 0, 0"
"9, 8, 0, 1"
"2, 1, 0, 1"
"0, 0, 0, 0"
"0, 0, 0, 0"
"3, 2, 0, 1"
"3, 2, 0, 1"
"7, 5, 0, 2"
"0, 0, 0, 0"
"0, 0, 0, 0"
"3, 3, 0, 0"
"2, 1, 0, 1"
"1, 1, 0, 0"
"0, 0, 0, 0"
"3, 3, 0, 0"
"0, 0, 0, 0"
"0, 0, 0, 0"
"0, 0, 0, 0"
"0, 0, 0, 0"
"0, 0, 0, 0"
"0, 0, 0, 0"
"3, 3, 0, 0"
"0, 0, 0, 0"
"0, 0, 0, 0"
"0, 0, 0, 0"
"0, 0, 0, 0"
"0, 0, 0, 0"
"0, 0, 0, 0"
"0, 0, 0, 0"
"0, 0, 0, 0"
"8, 7, 0, 1"
"4, 3, 0, 1"
"0, 0, 0, 0"
"5, 3, 0, 2"
"0, 0, 0, 0"
"2, 1, 0, 1"
"0, 0, 0, 0"
"0, 0, 0, 0"
"3, 2, 0, 1"
"0, 0, 0, 0"
"0, 0, 0, 0"
"0, 0, 0, 0"
"0, 0, 0, 0"
"9, 8, 0, 1"
"0, 0, 0, 0"
"0, 0, 0, 0"
"0, 0, 0, 0"
"0, 0, 0, 0"
"0, 0, 0, 0"
"0, 0, 0, 0"
"0, 0, 0, 0"
"0, 0, 0, 0"
"0, 0, 0, 0"
"0, 0, 0, 0"
"2, 2, 0, 0"
"0, 0, 0, 0"
"0, 0, 0, 0"
"0, 0, 0, 0"
"3, 2, 0, 1"
"4, 4, 0, 0"
"3, 3, 0, 0"
"0, 0, 0, 0"
"0, 0, 0, 0"
"3, 0, 0, 3"
"1, 0, 0, 1"
"6, 4, 0, 2"
"0, 0, 0, 0"
"0, 0, 0, 0"
"0, 0, 0, 0"
"0, 0, 0, 0"
"3, 0, 0, 3"
"0, 0, 0, 0"
"0, 0, 0, 0"
"1, 1, 0, 0"
"0, 0, 0, 0"
"0, 0, 0, 0"
"3, 0, 0, 3"
"6, 4, 0, 2"
"6, 4, 0, 2"
"0, 0, 0, 0"
"3, 1, 1, 1"
"1, 1, 0, 0"
"0, 0, 0, 0"
"0, 0, 0, 0"
"0, 0, 0, 0"
"1, 0, 0, 1"
"1, 0, 0, 1"
"3, 1, 0, 2"
"0, 0, 0, 0"
"0, 0, 0, 0"
"0, 0, 0, 0"
"1, 0, 0, 1"
"0, 0, 0, 0"
"0, 0, 0, 0"
"0, 0, 0, 0"
"0, 0, 0, 0"
"1, 0, 0, 1"
"3, 1, 1, 1"
"1, 0, 0, 1"
"0, 0, 0, 0"
"0, 0, 0, 0"
"0, 0, 0, 0"
"0, 0, 0, 0"
"1, 1, 0, 0"
"6, 1, 1, 4"
"0, 0, 0, 0"
"0, 0, 0, 0"
"0, 0, 0, 0"
"0, 0, 0, 0"
"6, 4, 0, 2"
"7, 4, 1, 2"
"0, 0, 0, 0"
"0, 0, 0, 0"
"0, 0, 0, 0"
"0, 0, 0, 0"
"3, 0, 0, 3"
"0, 0, 0, 0"
"1, 1, 0, 0"
"1, 0, 0, 1"
"5, 4, 0, 1"
"2, 0, 1, 1"
"0, 0, 0, 0"
"0, 0, 0, 0"
"0, 0, 0, 0"
"0, 0, 0, 0"
"0, 0, 0, 0"
"3, 1, 0, 2"
"0, 0, 0, 0"
"1, 0, 1, 0"
"0, 0, 0, 0"
"1, 0, 0, 1"
"0, 0, 0, 0"
"0, 0, 0, 0"
"0, 0, 0, 0"
"0, 0, 0, 0"
"0, 0, 0, 0"
"0, 0, 0, 0"
"0, 0, 0, 0"
"3, 1, 0, 2"
"0, 0, 0, 0"
"0, 0, 0, 0"
"0, 0, 0, 0"
"0, 0, 0, 0"
"1, 1, 0, 0"
"1, 0, 0, 1"
"6, 1, 1, 4"
"0, 0, 0, 0"
"0, 0, 0, 0"
"1, 1, 0, 0"
"1, 0, 0, 1"
"0, 0, 0, 0"
"3, 1, 1, 1"
"2, 1, 0, 1"
"2, 0, 1, 1"
"0, 0, 0, 0"
"0, 0, 0, 0"
"0, 0, 0, 0"
"3, 1, 1, 1"
"1, 1, 0, 0"
"0, 0, 0, 0"
"1, 0, 0, 1"
"5, 4, 0, 1"
"2, 0, 1, 1"
"5, 4, 0, 1"
"0, 0, 0, 0"
"0, 0, 0, 0"
"0, 0, 0, 0"
"0, 0, 0, 0"
"1, 0, 0, 1"
"0, 0, 0, 0"
"2, 0, 1, 1"
"5, 4, 0, 1"
"1, 0, 0, 1"
"0, 0, 0, 0"
"3, 1, 1, 1"
"0, 0, 0, 0"
"0, 0, 0, 0"
"0, 0, 0, 0"
"6, 4, 0, 2"
"0, 0, 0, 0"
"0, 0, 0, 0"
"0, 0, 0, 0"
"0, 0, 0, 0"
"0, 0, 0, 0"
"0, 0, 0, 0"
"1, 1, 0, 0"
"0, 0, 0, 0"
"1, 0, 0, 1"
"0, 0, 0, 0"
"5, 4, 0, 1"
"0, 0, 0, 0"
"0, 0, 0, 0"
"0, 0, 0, 0"
"3, 0, 0, 3"
"0, 0, 0, 0"
"2, 0, 1, 1"
"0, 0, 0, 0"
"0, 0, 0, 0"
"1, 1, 0, 0"
"3, 1, 1, 1"
"21, 18, 1, 2"
"0, 0, 0, 0"
"1, 1, 0, 0"
"4, 4, 0, 0"
"3, 2, 0, 1"
"10, 8, 0, 2"
"0, 0, 0, 0"
"1, 1, 0, 0"
"0, 0, 0, 0"
"7, 6, 0, 1"
"5, 5, 0, 0"
"0, 0, 0, 0"
"0, 0, 0, 0"
"13, 10, 0, 3"
"4, 3, 0, 1"
"1, 1, 0, 0"
"1, 1, 0, 0"
"0, 0, 0, 0"
"0, 0, 0, 0"
"3, 2, 0, 1"
"1, 1, 0, 0"
"0, 0, 0, 0"
"11, 7, 0, 4"
"7, 5, 0, 2"
"1, 1, 0, 0"
"0, 0, 0, 0"
"0, 0, 0, 0"
"4, 4, 0, 0"
"4, 4, 0, 0"
"3, 0, 0, 3"
"1, 1, 0, 0"
"0, 0, 0, 0"
"0, 0, 0, 0"
"0, 0, 0, 0"
"0, 0, 0, 0"
"6, 0, 0, 6"
"0, 0, 0, 0"
"1, 1, 0, 0"
"0, 0, 0, 0"
"16, 13, 1, 2"
"1, 1, 0, 0"
"2, 2, 0, 0"
"3, 2, 0, 1"
"0, 0, 0, 0"
"1, 1, 0, 0"
"0, 0, 0, 0"
"0, 0, 0, 0"
"1, 1, 0, 0"
"0, 0, 0, 0"
"0, 0, 0, 0"
"9, 7, 0, 2"
"6, 0, 0, 6"
"4, 3, 0, 1"
"11, 8, 0, 3"
"1, 1, 0, 0"
"0, 0, 0, 0"
"3, 2, 0, 1"
"0, 0, 0, 0"
"4, 4, 0, 0"
"6, 0, 0, 6"
"6, 5, 0, 1"
"0, 0, 0, 0"
"2, 1, 0, 1"
"0, 0, 0, 0"
"0, 0, 0, 0"
"0, 0, 0, 0"
"8, 7, 0, 1"
"6, 0, 0, 6"
"13, 10, 1, 2"
"3, 0, 0, 3"
"0, 0, 0, 0"
"0, 0, 0, 0"
"4, 2, 1, 1"
"0, 0, 0, 0"
"2, 1, 0, 1"
"0, 0, 0, 0"
"0, 0, 0, 0"
"4, 4, 0, 0"
"0, 0, 0, 0"
"1, 1, 0, 0"
"0, 0, 0, 0"
"0, 0, 0, 0"
"5, 5, 0, 0"
"0, 0, 0, 0"
"3, 2, 0, 1"
"6, 0, 0, 6"
"7, 6, 0, 1"
"0, 0, 0, 0"
"6, 5, 0, 1"
"0, 0, 0, 0"
"2, 0, 0, 2"
"5, 5, 0, 0"
"7, 1, 0, 6"
"16, 13, 1, 2"
"0, 0, 0, 0"
"0, 0, 0, 0"
"14, 11, 0, 3"
"0, 0, 0, 0"
"0, 0, 0, 0"
"6, 5, 0, 1"
"6, 0, 0, 6"
"3, 2, 0, 1"
"11, 10, 0, 1"
"3, 0, 0, 3"
"0, 0, 0, 0"
"0, 0, 0, 0"
"0, 0, 0, 0"
"1, 1, 0, 0"
"5, 5, 0, 0"
"0, 0, 0, 0"
"3, 2, 0, 1"
"6, 0, 0, 6"
"0, 0, 0, 0"
"4, 3, 0, 1"
"7, 5, 0, 2"
"0, 0, 0, 0"
"0, 0, 0, 0"
"0, 0, 0, 0"
"1, 0, 0, 1"
"3, 2, 0, 1"
"0, 0, 0, 0"
"3, 2, 0, 1"
"0, 0, 0, 0"
"1, 0, 0, 1"
"3, 2, 0, 1"
"1, 0, 0, 1"
"0, 0, 0, 0"
"0, 0, 0, 0"
"1, 1, 0, 0"
"1, 0, 0, 1"
"0, 0, 0, 0"
"1, 0, 0, 1"
"0, 0, 0, 0"
"0, 0, 0, 0"
"0, 0, 0, 0"
"3, 2, 0, 1"
"0, 0, 0, 0"
"1, 0, 0, 1"
"0, 0, 0, 0"
"0, 0, 0, 0"
"1, 1, 0, 0"
"0, 0, 0, 0"
"0, 0, 0, 0"
"1, 0, 0, 1"
"6, 3, 1, 2"
"0, 0, 0, 0"
"3, 2, 0, 1"
"0, 0, 0, 0"
"1, 1, 0, 0"
"0, 0, 0, 0"
"0, 0, 0, 0"
"4, 3, 0, 1"
"0, 0, 0, 0"
"0, 0, 0, 0"
"0, 0, 0, 0"
"0, 0, 0, 0"
"0, 0, 0, 0"
"0, 0, 0, 0"
"0, 0, 0, 0"
"1, 0, 0, 1"
"0, 0, 0, 0"
"0, 0, 0, 0"
"0, 0, 0, 0"
"0, 0, 0, 0"
"0, 0, 0, 0"
"0, 0, 0, 0"
"7, 4, 0, 3"
"3, 2, 0, 1"
"0, 0, 0, 0"
"3, 2, 0, 1"
"1, 1, 0, 0"
"0, 0, 0, 0"
"0, 0, 0, 0"
"0, 0, 0, 0"
"0, 0, 0, 0"
"0, 0, 0, 0"
"0, 0, 0, 0"
"0, 0, 0, 0"
"0, 0, 0, 0"
"0, 0, 0, 0"
"3, 2, 0, 1"
"1, 1, 0, 0"
"0, 0, 0, 0"
"2, 2, 0, 0"
"0, 0, 0, 0"
"0, 0, 0, 0"
"3, 3, 0, 0"
"1, 0, 0, 1"
"0, 0, 0, 0"
"0, 0, 0, 0"
"4, 2, 0, 2"
"0, 0, 0, 0"
"0, 0, 0, 0"
"0, 0, 0, 0"
"0, 0, 0, 0"
"0, 0, 0, 0"
"0, 0, 0, 0"
"0, 0, 0, 0"
"0, 0, 0, 0"
"0, 0, 0, 0"
"0, 0, 0, 0"
"0, 0, 0, 0"
"0, 0, 0, 0"
"0, 0, 0, 0"
"0, 0, 0, 0"
"13, 12, 1, 0"
"0, 0, 0, 0"
"0, 0, 0, 0"
"0, 0, 0, 0"
"0, 0, 0, 0"
"0, 0, 0, 0"
"0, 0, 0, 0"
"0, 0, 0, 0"
"0, 0, 0, 0"
"0, 0, 0, 0"
"0, 0, 0, 0"
"0, 0, 0, 0"
"0, 0, 0, 0"
"0, 0, 0, 0"
"0, 0, 0, 0"
"0, 0, 0, 0"
"0, 0, 0, 0"
"0, 0, 0, 0"
"0, 0, 0, 0"
"0, 0, 0, 0"
"0, 0, 0, 0"
"0, 0, 0, 0"
"0, 0, 0, 0"
"0, 0, 0, 0"
"0, 0, 0, 0"
"13, 12, 1, 0"
"0, 0, 0, 0"
"0, 0, 0, 0"
"0, 0, 0, 0"
"0, 0, 0, 0"
"0, 0, 0, 0"
"0, 0, 0, 0"
"0, 0, 0, 0"
"0, 0, 0, 0"
"0, 0, 0, 0"
"0, 0, 0, 0"
"0, 0, 0, 0"
"0, 0, 0, 0"
"0, 0, 0, 0"
"0, 0, 0, 0"
"0, 0, 0, 0"
"0, 0, 0, 0"
"0, 0, 0, 0"
"0, 0, 0, 0"
"0, 0, 0, 0"
"0, 0, 0, 0"
"0, 0, 0, 0"
"0, 0, 0, 0"
"0, 0, 0, 0"
"0, 0, 0, 0"
"0, 0, 0, 0"
"0, 0, 0, 0"
"0, 0, 0, 0"
"0, 0, 0, 0"
"0, 0, 0, 0"
"0, 0, 0, 0"
"0, 0, 0, 0"
"0, 0, 0, 0"
"13, 12, 1, 0"
"0, 0, 0, 0"
"0, 0, 0, 0"
"0, 0, 0, 0"
"0, 0, 0, 0"
"0, 0, 0, 0"
"0, 0, 0, 0"
"0, 0, 0, 0"
"0, 0, 0, 0"
"0, 0, 0, 0"
"0, 0, 0, 0"
"0, 0, 0, 0"
"0, 0, 0, 0"
"0, 0, 0, 0"
"0, 0, 0, 0"
"0, 0, 0, 0"
"0, 0, 0, 0"
"0, 0, 0, 0"
"0, 0, 0, 0"
"0, 0, 0, 0"
"0, 0, 0, 0"
"0, 0, 0, 0"
"0, 0, 0, 0"
"0, 0, 0, 0"
"0, 0, 0, 0"
"0, 0, 0, 0"
"0, 0, 0, 0"
"0, 0, 0, 0"
"0, 0, 0, 0"
"0, 0, 0, 0"
"0, 0, 0, 0"
"0, 0, 0, 0"
"0, 0, 0, 0"
"0, 0, 0, 0"
"0, 0, 0, 0"
"0, 0, 0, 0"
"0, 0, 0, 0"
"0, 0, 0, 0"
"0, 0, 0, 0"
"0, 0, 0, 0"
"0, 0, 0, 0"
"0, 0, 0, 0"
"0, 0, 0, 0"
"0, 0, 0, 0"
"0, 0, 0, 0"
"0, 0, 0, 0"
"0, 0, 0, 0"
"0, 0, 0, 0"
"0, 0, 0, 0"
"0, 0, 0, 0"
"0, 0, 0, 0"
"0, 0, 0, 0"
"0, 0, 0, 0"
"0, 0, 0, 0"
"0, 0, 0, 0"
"0, 0, 0, 0"
"0, 0, 0, 0"
"0, 0, 0, 0"
"0, 0, 0, 0"
"0, 0, 0, 0"
"0, 0, 0, 0"
"0, 0, 0, 0"
"0, 0, 0, 0"
"0, 0, 0, 0"
"0, 0, 0, 0"
"0, 0, 0, 0"
"0, 0, 0, 0"
"0, 0, 0, 0"
"0, 0, 0, 0"
"0, 0, 0, 0"
"0, 0, 0, 0"
"0, 0, 0, 0"
"0, 0, 0, 0"
"0, 0, 0, 0"
"0, 0, 0, 0"
"0, 0, 0, 0"
"0, 0, 0, 0"
"0, 0, 0, 0"
"0, 0, 0, 0"
"0, 0, 0, 0"
"0, 0, 0, 0"
"0, 0, 0, 0"
"0, 0, 0, 0"
"0, 0, 0, 0"
"0, 0, 0, 0"
"0, 0, 0, 0"
"0, 0, 0, 0"
"0, 0, 0, 0"
"0, 0, 0, 0"
"0, 0, 0, 0"
"0, 0, 0, 0"
"0, 0, 0, 0"
"3, 2, 0, 1"
"0, 0, 0, 0"
"0, 0, 0, 0"
"0, 0, 0, 0"
"0, 0, 0, 0"
"0, 0, 0, 0"
"0, 0, 0, 0"
"0, 0, 0, 0"
"0, 0, 0, 0"
"0, 0, 0, 0"
"0, 0, 0, 0"
"0, 0, 0, 0"
"0, 0, 0, 0"
"0, 0, 0, 0"
"13, 12, 1, 0"
"0, 0, 0, 0"
"0, 0, 0, 0"
"0, 0, 0, 0"
"0, 0, 0, 0"
"3, 2, 0, 1"
"0, 0, 0, 0"
"0, 0, 0, 0"
"0, 0, 0, 0"
"13, 12, 1, 0"
"0, 0, 0, 0"
"0, 0, 0, 0"
"0, 0, 0, 0"
"0, 0, 0, 0"
"0, 0, 0, 0"
"0, 0, 0, 0"
"0, 0, 0, 0"
"0, 0, 0, 0"
"0, 0, 0, 0"
"0, 0, 0, 0"
"0, 0, 0, 0"
"0, 0, 0, 0"
"0, 0, 0, 0"
"0, 0, 0, 0"
"0, 0, 0, 0"
"0, 0, 0, 0"
"0, 0, 0, 0"
"0, 0, 0, 0"
"0, 0, 0, 0"
"0, 0, 0, 0"
"0, 0, 0, 0"
"0, 0, 0, 0"
"0, 0, 0, 0"
"0, 0, 0, 0"
"0, 0, 0, 0"
"0, 0, 0, 0"
"0, 0, 0, 0"
"0, 0, 0, 0"
"13, 12, 1, 0"
"0, 0, 0, 0"
"0, 0, 0, 0"
"0, 0, 0, 0"
"0, 0, 0, 0"
"0, 0, 0, 0"
"0, 0, 0, 0"
"0, 0, 0, 0"
"13, 12, 1, 0"
"0, 0, 0, 0"
"0, 0, 0, 0"
"0, 0, 0, 0"
"0, 0, 0, 0"
"0, 0, 0, 0"
"0, 0, 0, 0"
"0, 0, 0, 0"
"0, 0, 0, 0"
"0, 0, 0, 0"
"0, 0, 0, 0"
"0, 0, 0, 0"
"0, 0, 0, 0"
"0, 0, 0, 0"
"0, 0, 0, 0"
"0, 0, 0, 0"
"1, 0, 0, 1"
"0, 0, 0, 0"
"0, 0, 0, 0"
"1, 0, 0, 1"
"1, 1, 0, 0"
"0, 0, 0, 0"
"7, 5, 0, 2"
"0, 0, 0, 0"
"16, 11, 0, 5"
"0, 0, 0, 0"
"6, 4, 0, 2"
"0, 0, 0, 0"
"0, 0, 0, 0"
"3, 2, 0, 1"
"2, 2, 0, 0"
"12, 8, 1, 3"
"1, 0, 0, 1"
"5, 4, 0, 1"
"2, 2, 0, 0"
"0, 0, 0, 0"
"3, 2, 0, 1"
"1, 0, 0, 1"
"1, 0, 0, 1"
"5, 4, 0, 1"
"9, 6, 0, 3"
"1, 1, 0, 0"
"1, 0, 0, 1"
"0, 0, 0, 0"
"0, 0, 0, 0"
"0, 0, 0, 0"
"1, 0, 0, 1"
"1, 1, 0, 0"
"0, 0, 0, 0"
"9, 6, 0, 3"
"0, 0, 0, 0"
"12, 8, 0, 4"
"1, 1, 0, 0"
"6, 4, 0, 2"
"0, 0, 0, 0"
"1, 1, 0, 0"
"3, 2, 0, 1"
"0, 0, 0, 0"
"3, 2, 0, 1"
"2, 2, 0, 0"
"0, 0, 0, 0"
"1, 1, 0, 0"
"10, 8, 0, 2"
"2, 1, 0, 1"
"3, 2, 0, 1"
"6, 3, 0, 3"
"1, 0, 0, 1"
"4, 3, 0, 1"
"6, 5, 0, 1"
"0, 0, 0, 0"
"0, 0, 0, 0"
"1, 1, 0, 0"
"8, 5, 0, 3"
"0, 0, 0, 0"
"1, 1, 0, 0"
"4, 3, 0, 1"
"6, 5, 0, 1"
"4, 3, 0, 1"
"0, 0, 0, 0"
"5, 4, 0, 1"
"1, 1, 0, 0"
"1, 1, 0, 0"
"3, 2, 0, 1"
"2, 1, 0, 1"
"8, 6, 0, 2"
"0, 0, 0, 0"
"1, 1, 0, 0"
"1, 1, 0, 0"
"1, 0, 0, 1"
"1, 1, 0, 0"
"8, 6, 0, 2"
"6, 3, 0, 3"
"2, 1, 0, 1"
"1, 1, 0, 0"
"7, 5, 0, 2"
"2, 2, 0, 0"
"10, 8, 0, 2"
"0, 0, 0, 0"
"3, 3, 0, 0"
"0, 0, 0, 0"
"0, 0, 0, 0"
"0, 0, 0, 0"
"0, 0, 0, 0"
"0, 0, 0, 0"
"0, 0, 0, 0"
"0, 0, 0, 0"
"0, 0, 0, 0"
"0, 0, 0, 0"
"5, 3, 0, 2"
"0, 0, 0, 0"
"0, 0, 0, 0"
"0, 0, 0, 0"
"0, 0, 0, 0"
"0, 0, 0, 0"
"0, 0, 0, 0"
"0, 0, 0, 0"
"0, 0, 0, 0"
"0, 0, 0, 0"
"0, 0, 0, 0"
"0, 0, 0, 0"
"5, 0, 4, 1"
"0, 0, 0, 0"
"6, 3, 1, 2"
"0, 0, 0, 0"
"3, 2, 0, 1"
"0, 0, 0, 0"
"0, 0, 0, 0"
"0, 0, 0, 0"
"0, 0, 0, 0"
"15, 5, 5, 5"
"0, 0, 0, 0"
"5, 0, 3, 2"
"0, 0, 0, 0"
"0, 0, 0, 0"
"0, 0, 0, 0"
"0, 0, 0, 0"
"0, 0, 0, 0"
"0, 0, 0, 0"
"0, 0, 0, 0"
"0, 0, 0, 0"
"0, 0, 0, 0"
"0, 0, 0, 0"
"0, 0, 0, 0"
"0, 0, 0, 0"
"0, 0, 0, 0"
"5, 3, 0, 2"
"0, 0, 0, 0"
"0, 0, 0, 0"
"0, 0, 0, 0"
"0, 0, 0, 0"
"0, 0, 0, 0"
"3, 2, 0, 1"
"0, 0, 0, 0"
"0, 0, 0, 0"
"5, 3, 0, 2"
"0, 0, 0, 0"
"0, 0, 0, 0"
"9, 2, 4, 3"
"0, 0, 0, 0"
"1, 0, 0, 1"
"0, 0, 0, 0"
"0, 0, 0, 0"
"0, 0, 0, 0"
"0, 0, 0, 0"
"0, 0, 0, 0"
"0, 0, 0, 0"
"5, 0, 3, 2"
"0, 0, 0, 0"
"11, 2, 5, 4"
"0, 0, 0, 0"
"0, 0, 0, 0"
"0, 0, 0, 0"
"0, 0, 0, 0"
"0, 0, 0, 0"
"0, 0, 0, 0"
"0, 0, 0, 0"
"0, 0, 0, 0"
"0, 0, 0, 0"
"0, 0, 0, 0"
"0, 0, 0, 0"
"0, 0, 0, 0"
"0, 0, 0, 0"
"10, 5, 1, 4"
"0, 0, 0, 0"
"0, 0, 0, 0"
"16, 5, 5, 6"
"0, 0, 0, 0"
"0, 0, 0, 0"
"0, 0, 0, 0"
"5, 3, 0, 2"
"0, 0, 0, 0"
"10, 2, 5, 3"
"0, 0, 0, 0"
"0, 0, 0, 0"
"0, 0, 0, 0"
"0, 0, 0, 0"
"0, 0, 0, 0"
"0, 0, 0, 0"
"0, 0, 0, 0"
"0, 0, 0, 0"
"0, 0, 0, 0"
"15, 5, 5, 5"
"0, 0, 0, 0"
"2, 0, 1, 1"
"0, 0, 0, 0"
"0, 0, 0, 0"
"0, 0, 0, 0"
"0, 0, 0, 0"
"0, 0, 0, 0"
"0, 0, 0, 0"
"0, 0, 0, 0"
"1, 0, 0, 1"
"0, 0, 0, 0"
"0, 0, 0, 0"
"3, 2, 0, 1"
"0, 0, 0, 0"
"0, 0, 0, 0"
"0, 0, 0, 0"
"0, 0, 0, 0"
"0, 0, 0, 0"
"1, 0, 0, 1"
"1, 0, 0, 1"
"0, 0, 0, 0"
"0, 0, 0, 0"
"1, 1, 0, 0"
"0, 0, 0, 0"
"1, 1, 0, 0"
"0, 0, 0, 0"
"0, 0, 0, 0"
"0, 0, 0, 0"
"6, 4, 0, 2"
"0, 0, 0, 0"
"0, 0, 0, 0"
"0, 0, 0, 0"
"1, 0, 0, 1"
"0, 0, 0, 0"
"0, 0, 0, 0"
"0, 0, 0, 0"
"0, 0, 0, 0"
"0, 0, 0, 0"
"5, 2, 0, 3"
"1, 0, 0, 1"
"2, 1, 0, 1"
"3, 0, 0, 3"
"0, 0, 0, 0"
"0, 0, 0, 0"
"0, 0, 0, 0"
"0, 0, 0, 0"
"6, 4, 0, 2"
"0, 0, 0, 0"
"0, 0, 0, 0"
"0, 0, 0, 0"
"2, 1, 0, 1"
"1, 0, 0, 1"
"0, 0, 0, 0"
"0, 0, 0, 0"
"0, 0, 0, 0"
"2, 0, 0, 2"
"0, 0, 0, 0"
"0, 0, 0, 0"
"0, 0, 0, 0"
"1, 0, 0, 1"
"0, 0, 0, 0"
"0, 0, 0, 0"
"0, 0, 0, 0"
"0, 0, 0, 0"
"0, 0, 0, 0"
"1, 0, 0, 1"
"1, 0, 0, 1"
"0, 0, 0, 0"
"0, 0, 0, 0"
"0, 0, 0, 0"
"0, 0, 0, 0"
"0, 0, 0, 0"
"0, 0, 0, 0"
"0, 0, 0, 0"
"0, 0, 0, 0"
"0, 0, 0, 0"
"1, 0, 0, 1"
"1, 0, 0, 1"
"1, 1, 0, 0"
"1, 0, 0, 1"
"0, 0, 0, 0"
"0, 0, 0, 0"
"0, 0, 0, 0"
"0, 0, 0, 0"
"0, 0, 0, 0"
"1, 0, 0, 1"
"1, 1, 0, 0"
"0, 0, 0, 0"
"2, 1, 0, 1"
"1, 0, 0, 1"
"0, 0, 0, 0"
"0, 0, 0, 0"
"0, 0, 0, 0"
"0, 0, 0, 0"
"0, 0, 0, 0"
"0, 0, 0, 0"
"0, 0, 0, 0"
"0, 0, 0, 0"
"1, 0, 0, 1"
"0, 0, 0, 0"
"0, 0, 0, 0"
"0, 0, 0, 0"
"1, 0, 0, 1"
"0, 0, 0, 0"
"0, 0, 0, 0"
"0, 0, 0, 0"
"1, 0, 0, 1"
"5, 2, 0, 3"
"1, 0, 0, 1"
"0, 0, 0, 0"
"0, 0, 0, 0"
"2, 0, 0, 2"
"0, 0, 0, 0"
"0, 0, 0, 0"
"0, 0, 0, 0"
"0, 0, 0, 0"
"0, 0, 0, 0"
"0, 0, 0, 0"
"0, 0, 0, 0"
"0, 0, 0, 0"
"0, 0, 0, 0"
"1, 0, 0, 1"
"6, 2, 0, 4"
"0, 0, 0, 0"
"0, 0, 0, 0"
"6, 4, 0, 2"
"0, 0, 0, 0"
"0, 0, 0, 0"
"0, 0, 0, 0"
"1, 1, 0, 0"
"0, 0, 0, 0"
"2, 1, 0, 1"
"5, 2, 0, 3"
"0, 0, 0, 0"
"0, 0, 0, 0"
"0, 0, 0, 0"
"0, 0, 0, 0"
"0, 0, 0, 0"
"0, 0, 0, 0"
"0, 0, 0, 0"
"0, 0, 0, 0"
"0, 0, 0, 0"
"0, 0, 0, 0"
"2, 1, 0, 1"
"0, 0, 0, 0"
"0, 0, 0, 0"
"0, 0, 0, 0"
"0, 0, 0, 0"
"1, 0, 0, 1"
"0, 0, 0, 0"
"1, 0, 0, 1"
"0, 0, 0, 0"
"0, 0, 0, 0"
"1, 0, 0, 1"
"1, 0, 0, 1"
"1, 0, 0, 1"
"1, 0, 0, 1"
"0, 0, 0, 0"
"0, 0, 0, 0"
"1, 0, 0, 1"
"5, 5, 0, 0"
"3, 3, 0, 0"
"0, 0, 0, 0"
"3, 3, 0, 0"
"5, 5, 0, 0"
"0, 0, 0, 0"
"1, 1, 0, 0"
"1, 1, 0, 0"
"2, 2, 0, 0"
"3, 3, 0, 0"
"0, 0, 0, 0"
"2, 2, 0, 0"
"0, 0, 0, 0"
"0, 0, 0, 0"
"0, 0, 0, 0"
"5, 4, 0, 1"
"0, 0, 0, 0"
"0, 0, 0, 0"
"0, 0, 0, 0"
"0, 0, 0, 0"
"0, 0, 0, 0"
"0, 0, 0, 0"
"5, 4, 0, 1"
"0, 0, 0, 0"
"0, 0, 0, 0"
"0, 0, 0, 0"
"0, 0, 0, 0"
"1, 0, 0, 1"
"1, 0, 0, 1"
"0, 0, 0, 0"
"0, 0, 0, 0"
"0, 0, 0, 0"
"0, 0, 0, 0"
"0, 0, 0, 0"
"0, 0, 0, 0"
"0, 0, 0, 0"
"0, 0, 0, 0"
"0, 0, 0, 0"
"0, 0, 0, 0"
"0, 0, 0, 0"
"0, 0, 0, 0"
"0, 0, 0, 0"
"1, 0, 0, 1"
"4, 2, 0, 2"
"0, 0, 0, 0"
"0, 0, 0, 0"
"0, 0, 0, 0"
"0, 0, 0, 0"
"0, 0, 0, 0"
"0, 0, 0, 0"
"0, 0, 0, 0"
"0, 0, 0, 0"
"0, 0, 0, 0"
"0, 0, 0, 0"
"0, 0, 0, 0"
"0, 0, 0, 0"
"0, 0, 0, 0"
"0, 0, 0, 0"
"0, 0, 0, 0"
"0, 0, 0, 0"
"0, 0, 0, 0"
"0, 0, 0, 0"
"5, 4, 0, 1"
"0, 0, 0, 0"
"0, 0, 0, 0"
"0, 0, 0, 0"
"0, 0, 0, 0"
"0, 0, 0, 0"
"0, 0, 0, 0"
"0, 0, 0, 0"
"0, 0, 0, 0"
"0, 0, 0, 0"
"0, 0, 0, 0"
"1, 0, 0, 1"
"0, 0, 0, 0"
"0, 0, 0, 0"
"0, 0, 0, 0"
"0, 0, 0, 0"
"0, 0, 0, 0"
"0, 0, 0, 0"
"0, 0, 0, 0"
"0, 0, 0, 0"
"0, 0, 0, 0"
"0, 0, 0, 0"
"0, 0, 0, 0"
"0, 0, 0, 0"
"0, 0, 0, 0"
"0, 0, 0, 0"
"3, 2, 0, 1"
"0, 0, 0, 0"
"1, 0, 0, 1"
"0, 0, 0, 0"
"0, 0, 0, 0"
"0, 0, 0, 0"
"0, 0, 0, 0"
"0, 0, 0, 0"
"0, 0, 0, 0"
"0, 0, 0, 0"
"0, 0, 0, 0"
"0, 0, 0, 0"
"0, 0, 0, 0"
"0, 0, 0, 0"
"0, 0, 0, 0"
"0, 0, 0, 0"
"0, 0, 0, 0"
"0, 0, 0, 0"
"4, 2, 0, 2"
"0, 0, 0, 0"
"0, 0, 0, 0"
"0, 0, 0, 0"
"0, 0, 0, 0"
"0, 0, 0, 0"
"0, 0, 0, 0"
"0, 0, 0, 0"
"0, 0, 0, 0"
"0, 0, 0, 0"
"0, 0, 0, 0"
"0, 0, 0, 0"
"0, 0, 0, 0"
"0, 0, 0, 0"
"0, 0, 0, 0"
"0, 0, 0, 0"
"0, 0, 0, 0"
"0, 0, 0, 0"
"0, 0, 0, 0"
"0, 0, 0, 0"
"0, 0, 0, 0"
"0, 0, 0, 0"
"0, 0, 0, 0"
"0, 0, 0, 0"
"0, 0, 0, 0"
"0, 0, 0, 0"
"0, 0, 0, 0"
"5, 4, 0, 1"
"0, 0, 0, 0"
"0, 0, 0, 0"
"0, 0, 0, 0"
"4, 2, 0, 2"
"0, 0, 0, 0"
"0, 0, 0, 0"
"0, 0, 0, 0"
"0, 0, 0, 0"
"0, 0, 0, 0"
"0, 0, 0, 0"
"0, 0, 0, 0"
"0, 0, 0, 0"
"0, 0, 0, 0"
"0, 0, 0, 0"
"0, 0, 0, 0"
"0, 0, 0, 0"
"0, 0, 0, 0"
"0, 0, 0, 0"
"0, 0, 0, 0"
"0, 0, 0, 0"
"1, 0, 0, 1"
"0, 0, 0, 0"
"0, 0, 0, 0"
"0, 0, 0, 0"
"0, 0, 0, 0"
"0, 0, 0, 0"
"0, 0, 0, 0"
"0, 0, 0, 0"
"0, 0, 0, 0"
"0, 0, 0, 0"
"0, 0, 0, 0"
"0, 0, 0, 0"
"0, 0, 0, 0"
"0, 0, 0, 0"
"0, 0, 0, 0"
"0, 0, 0, 0"
"0, 0, 0, 0"
"0, 0, 0, 0"
"0, 0, 0, 0"
"0, 0, 0, 0"
"5, 4, 0, 1"
"0, 0, 0, 0"
"0, 0, 0, 0"
"0, 0, 0, 0"
"0, 0, 0, 0"
"0, 0, 0, 0"
"0, 0, 0, 0"
"0, 0, 0, 0"
"1, 0, 0, 1"
"0, 0, 0, 0"
"0, 0, 0, 0"
"0, 0, 0, 0"
"0, 0, 0, 0"
"0, 0, 0, 0"
"0, 0, 0, 0"
"0, 0, 0, 0"
"0, 0, 0, 0"
"0, 0, 0, 0"
"1, 0, 0, 1"
"0, 0, 0, 0"
"0, 0, 0, 0"
"0, 0, 0, 0"
"0, 0, 0, 0"
"0, 0, 0, 0"
"0, 0, 0, 0"
"0, 0, 0, 0"
"0, 0, 0, 0"
"0, 0, 0, 0"
"3, 2, 0, 1"
"0, 0, 0, 0"
"1, 0, 0, 1"
"0, 0, 0, 0"
"0, 0, 0, 0"
"0, 0, 0, 0"
"0, 0, 0, 0"
"0, 0, 0, 0"
"5, 4, 0, 1"
"0, 0, 0, 0"
"0, 0, 0, 0"
"0, 0, 0, 0"
"0, 0, 0, 0"
"0, 0, 0, 0"
"0, 0, 0, 0"
"0, 0, 0, 0"
"2, 0, 0, 2"
"0, 0, 0, 0"
"0, 0, 0, 0"
"0, 0, 0, 0"
"0, 0, 0, 0"
"0, 0, 0, 0"
"0, 0, 0, 0"
"0, 0, 0, 0"
"0, 0, 0, 0"
"0, 0, 0, 0"
"0, 0, 0, 0"
"0, 0, 0, 0"
"0, 0, 0, 0"
"0, 0, 0, 0"
"0, 0, 0, 0"
"7, 6, 0, 1"
"0, 0, 0, 0"
"0, 0, 0, 0"
"7, 6, 0, 1"
"0, 0, 0, 0"
"0, 0, 0, 0"
"0, 0, 0, 0"
"0, 0, 0, 0"
"0, 0, 0, 0"
"0, 0, 0, 0"
"0, 0, 0, 0"
"0, 0, 0, 0"
"1, 0, 0, 1"
"0, 0, 0, 0"
"0, 0, 0, 0"
"0, 0, 0, 0"
"0, 0, 0, 0"
"0, 0, 0, 0"
"0, 0, 0, 0"
"0, 0, 0, 0"
"0, 0, 0, 0"
"0, 0, 0, 0"
"0, 0, 0, 0"
"1, 0, 0, 1"
"0, 0, 0, 0"
"0, 0, 0, 0"
"0, 0, 0, 0"
"0, 0, 0, 0"
"0, 0, 0, 0"
"0, 0, 0, 0"
"0, 0, 0, 0"
"0, 0, 0, 0"
"0, 0, 0, 0"
"0, 0, 0, 0"
"0, 0, 0, 0"
"0, 0, 0, 0"
"0, 0, 0, 0"
"0, 0, 0, 0"
"0, 0, 0, 0"
"1, 0, 0, 1"
"0, 0, 0, 0"
"0, 0, 0, 0"
"0, 0, 0, 0"
"0, 0, 0, 0"
"0, 0, 0, 0"
"0, 0, 0, 0"
"0, 0, 0, 0"
"0, 0, 0, 0"
"0, 0, 0, 0"
"0, 0, 0, 0"
"0, 0, 0, 0"
"0, 0, 0, 0"
"0, 0, 0, 0"
"0, 0, 0, 0"
"7, 6, 0, 1"
"0, 0, 0, 0"
"0, 0, 0, 0"
"0, 0, 0, 0"
"0, 0, 0, 0"
"0, 0, 0, 0"
"0, 0, 0, 0"
"0, 0, 0, 0"
"0, 0, 0, 0"
"0, 0, 0, 0"
"0, 0, 0, 0"
"0, 0, 0, 0"
"0, 0, 0, 0"
"0, 0, 0, 0"
"0, 0, 0, 0"
"0, 0, 0, 0"
"0, 0, 0, 0"
"0, 0, 0, 0"
"0, 0, 0, 0"
"0, 0, 0, 0"
"2, 0, 0, 2"
"0, 0, 0, 0"
"0, 0, 0, 0"
"0, 0, 0, 0"
"0, 0, 0, 0"
"0, 0, 0, 0"
"7, 6, 0, 1"
"0, 0, 0, 0"
"0, 0, 0, 0"
"0, 0, 0, 0"
"0, 0, 0, 0"
"0, 0, 0, 0"
"0, 0, 0, 0"
"0, 0, 0, 0"
"1, 0, 0, 1"
"0, 0, 0, 0"
"7, 6, 0, 1"
"1, 0, 0, 1"
"0, 0, 0, 0"
"0, 0, 0, 0"
"0, 0, 0, 0"
"0, 0, 0, 0"
"0, 0, 0, 0"
"0, 0, 0, 0"
"0, 0, 0, 0"
"0, 0, 0, 0"
"0, 0, 0, 0"
"0, 0, 0, 0"
"0, 0, 0, 0"
"0, 0, 0, 0"
"0, 0, 0, 0"
"0, 0, 0, 0"
"0, 0, 0, 0"
"1, 0, 0, 1"
"0, 0, 0, 0"
"0, 0, 0, 0"
"0, 0, 0, 0"
"0, 0, 0, 0"
"0, 0, 0, 0"
"0, 0, 0, 0"
"0, 0, 0, 0"
"0, 0, 0, 0"
"0, 0, 0, 0"
"0, 0, 0, 0"
"0, 0, 0, 0"
"0, 0, 0, 0"
"0, 0, 0, 0"
"0, 0, 0, 0"
"0, 0, 0, 0"
"0, 0, 0, 0"
"0, 0, 0, 0"
"2, 0, 0, 2"
"0, 0, 0, 0"
"7, 6, 0, 1"
"0, 0, 0, 0"
"0, 0, 0, 0"
"0, 0, 0, 0"
"0, 0, 0, 0"
"0, 0, 0, 0"
"0, 0, 0, 0"
"0, 0, 0, 0"
"0, 0, 0, 0"
"0, 0, 0, 0"
"0, 0, 0, 0"
"0, 0, 0, 0"
"0, 0, 0, 0"
"0, 0, 0, 0"
"0, 0, 0, 0"
"0, 0, 0, 0"
"0, 0, 0, 0"
"2, 0, 0, 2"
"0, 0, 0, 0"
"0, 0, 0, 0"
"7, 6, 0, 1"
"1, 0, 0, 1"
"0, 0, 0, 0"
"0, 0, 0, 0"
"0, 0, 0, 0"
"7, 6, 0, 1"
"0, 0, 0, 0"
"0, 0, 0, 0"
"0, 0, 0, 0"
"0, 0, 0, 0"
"3, 3, 0, 0"
"0, 0, 0, 0"
"0, 0, 0, 0"
"4, 2, 0, 2"
"0, 0, 0, 0"
"0, 0, 0, 0"
"2, 1, 0, 1"
"0, 0, 0, 0"
"1, 0, 0, 1"
"2, 1, 0, 1"
"0, 0, 0, 0"
"0, 0, 0, 0"
"3, 1, 0, 2"
"0, 0, 0, 0"
"0, 0, 0, 0"
"0, 0, 0, 0"
"1, 0, 0, 1"
"3, 1, 0, 2"
"0, 0, 0, 0"
"0, 0, 0, 0"
"0, 0, 0, 0"
"0, 0, 0, 0"
"0, 0, 0, 0"
"4, 2, 0, 2"
"0, 0, 0, 0"
"0, 0, 0, 0"
"0, 0, 0, 0"
"3, 1, 0, 2"
"0, 0, 0, 0"
"0, 0, 0, 0"
"0, 0, 0, 0"
"0, 0, 0, 0"
"0, 0, 0, 0"
"0, 0, 0, 0"
"3, 1, 0, 2"
"0, 0, 0, 0"
"3, 1, 0, 2"
"3, 1, 0, 2"
"0, 0, 0, 0"
"0, 0, 0, 0"
"0, 0, 0, 0"
"0, 0, 0, 0"
"0, 0, 0, 0"
"1, 0, 0, 1"
"0, 0, 0, 0"
"0, 0, 0, 0"
"0, 0, 0, 0"
"0, 0, 0, 0"
"0, 0, 0, 0"
"0, 0, 0, 0"
"3, 1, 0, 2"
"0, 0, 0, 0"
"0, 0, 0, 0"
"0, 0, 0, 0"
"0, 0, 0, 0"
"0, 0, 0, 0"
"0, 0, 0, 0"
"0, 0, 0, 0"
"3, 1, 0, 2"
"0, 0, 0, 0"
"0, 0, 0, 0"
"1, 0, 0, 1"
"0, 0, 0, 0"
"0, 0, 0, 0"
"0, 0, 0, 0"
"0, 0, 0, 0"
"0, 0, 0, 0"
"0, 0, 0, 0"
"1, 0, 0, 1"
"2, 1, 0, 1"
"0, 0, 0, 0"
"2, 1, 0, 1"
"2, 1, 0, 1"
"4, 2, 0, 2"
"14, 9, 0, 5"
"8, 5, 0, 3"
"10, 6, 0, 4"
"0, 0, 0, 0"
"0, 0, 0, 0"
"0, 0, 0, 0"
"4, 3, 0, 1"
"0, 0, 0, 0"
"0, 0, 0, 0"
"5, 4, 0, 1"
"0, 0, 0, 0"
"0, 0, 0, 0"
"0, 0, 0, 0"
"0, 0, 0, 0"
"11, 7, 0, 4"
"0, 0, 0, 0"
"0, 0, 0, 0"
"0, 0, 0, 0"
"0, 0, 0, 0"
"4, 2, 0, 2"
"0, 0, 0, 0"
"10, 6, 0, 4"
"8, 5, 0, 3"
"1, 1, 0, 0"
"0, 0, 0, 0"
"6, 4, 0, 2"
"0, 0, 0, 0"
"0, 0, 0, 0"
"0, 0, 0, 0"
"0, 0, 0, 0"
"8, 4, 0, 4"
"5, 4, 0, 1"
"0, 0, 0, 0"
"0, 0, 0, 0"
"0, 0, 0, 0"
"18, 12, 0, 6"
"0, 0, 0, 0"
"11, 7, 0, 4"
"0, 0, 0, 0"
"0, 0, 0, 0"
"0, 0, 0, 0"
"0, 0, 0, 0"
"7, 4, 0, 3"
"8, 5, 0, 3"
"0, 0, 0, 0"
"0, 0, 0, 0"
"0, 0, 0, 0"
"7, 4, 0, 3"
"0, 0, 0, 0"
"0, 0, 0, 0"
"0, 0, 0, 0"
"2, 1, 0, 1"
"13, 9, 0, 4"
"2, 2, 0, 0"
"0, 0, 0, 0"
"0, 0, 0, 0"
"2, 1, 0, 1"
"18, 12, 0, 6"
"0, 0, 0, 0"
"2, 1, 0, 1"
"5, 2, 0, 3"
"0, 0, 0, 0"
"0, 0, 0, 0"
"2, 1, 0, 1"
"8, 5, 0, 3"
"0, 0, 0, 0"
"0, 0, 0, 0"
"0, 0, 0, 0"
"0, 0, 0, 0"
"0, 0, 0, 0"
"0, 0, 0, 0"
"0, 0, 0, 0"
"4, 2, 0, 2"
"0, 0, 0, 0"
"0, 0, 0, 0"
"2, 1, 0, 1"
"0, 0, 0, 0"
"0, 0, 0, 0"
"1, 1, 0, 0"
"0, 0, 0, 0"
"5, 5, 0, 0"
"0, 0, 0, 0"
"4, 2, 0, 2"
"0, 0, 0, 0"
"2, 1, 0, 1"
"0, 0, 0, 0"
"0, 0, 0, 0"
"2, 1, 0, 1"
"0, 0, 0, 0"
"1, 1, 0, 0"
"0, 0, 0, 0"
"0, 0, 0, 0"
"0, 0, 0, 0"
"0, 0, 0, 0"
"0, 0, 0, 0"
"1, 0, 0, 1"
"0, 0, 0, 0"
"1, 0, 0, 1"
"2, 1, 0, 1"
"0, 0, 0, 0"
"0, 0, 0, 0"
"0, 0, 0, 0"
"0, 0, 0, 0"
"1, 1, 0, 0"
"0, 0, 0, 0"
"0, 0, 0, 0"
"2, 1, 0, 1"
"0, 0, 0, 0"
"0, 0, 0, 0"
"2, 1, 0, 1"
"0, 0, 0, 0"
"0, 0, 0, 0"
"0, 0, 0, 0"
"4, 2, 0, 2"
"0, 0, 0, 0"
"3, 1, 0, 2"
"0, 0, 0, 0"
"2, 1, 0, 1"
"1, 0, 0, 1"
"0, 0, 0, 0"
"0, 0, 0, 0"
"0, 0, 0, 0"
"4, 2, 0, 2"
"0, 0, 0, 0"
"1, 1, 0, 0"
"0, 0, 0, 0"
"0, 0, 0, 0"
"0, 0, 0, 0"
"0, 0, 0, 0"
"0, 0, 0, 0"
"1, 1, 0, 0"
"1, 0, 0, 1"
"0, 0, 0, 0"
"0, 0, 0, 0"
"0, 0, 0, 0"
"0, 0, 0, 0"
"0, 0, 0, 0"
"2, 1, 0, 1"
"5, 5, 0, 0"
"0, 0, 0, 0"
"2, 1, 0, 1"
"0, 0, 0, 0"
"2, 1, 0, 1"
"0, 0, 0, 0"
"0, 0, 0, 0"
"0, 0, 0, 0"
"0, 0, 0, 0"
"0, 0, 0, 0"
"5, 2, 0, 3"
"0, 0, 0, 0"
"0, 0, 0, 0"
"0, 0, 0, 0"
"0, 0, 0, 0"
"0, 0, 0, 0"
"0, 0, 0, 0"
"4, 2, 0, 2"
"0, 0, 0, 0"
"0, 0, 0, 0"
"0, 0, 0, 0"
"0, 0, 0, 0"
"0, 0, 0, 0"
"0, 0, 0, 0"
"0, 0, 0, 0"
"0, 0, 0, 0"
"0, 0, 0, 0"
"2, 1, 0, 1"
"0, 0, 0, 0"
"0, 0, 0, 0"
"1, 0, 0, 1"
"2, 1, 0, 1"
"0, 0, 0, 0"
"0, 0, 0, 0"
"2, 1, 0, 1"
"0, 0, 0, 0"
"0, 0, 0, 0"
"2, 1, 0, 1"
"0, 0, 0, 0"
"1, 0, 0, 1"
"0, 0, 0, 0"
"0, 0, 0, 0"
"0, 0, 0, 0"
"0, 0, 0, 0"
"0, 0, 0, 0"
"0, 0, 0, 0"
"0, 0, 0, 0"
"0, 0, 0, 0"
"0, 0, 0, 0"
"0, 0, 0, 0"
"0, 0, 0, 0"
"0, 0, 0, 0"
"0, 0, 0, 0"
"0, 0, 0, 0"
"0, 0, 0, 0"
"0, 0, 0, 0"
"0, 0, 0, 0"
"0, 0, 0, 0"
"0, 0, 0, 0"
"0, 0, 0, 0"
"0, 0, 0, 0"
"0, 0, 0, 0"
"0, 0, 0, 0"
"0, 0, 0, 0"
"0, 0, 0, 0"
"0, 0, 0, 0"
"0, 0, 0, 0"
"0, 0, 0, 0"
"0, 0, 0, 0"
"0, 0, 0, 0"
"0, 0, 0, 0"
"0, 0, 0, 0"
"0, 0, 0, 0"
"0, 0, 0, 0"
"0, 0, 0, 0"
"0, 0, 0, 0"
"0, 0, 0, 0"
"1, 0, 0, 1"
"0, 0, 0, 0"
"0, 0, 0, 0"
"0, 0, 0, 0"
"0, 0, 0, 0"
"0, 0, 0, 0"
"0, 0, 0, 0"
"0, 0, 0, 0"
"1, 0, 0, 1"
"0, 0, 0, 0"
"0, 0, 0, 0"
"0, 0, 0, 0"
"0, 0, 0, 0"
"0, 0, 0, 0"
"0, 0, 0, 0"
"0, 0, 0, 0"
"0, 0, 0, 0"
"0, 0, 0, 0"
"0, 0, 0, 0"
"0, 0, 0, 0"
"0, 0, 0, 0"
"0, 0, 0, 0"
"0, 0, 0, 0"
"0, 0, 0, 0"
"0, 0, 0, 0"
"0, 0, 0, 0"
"0, 0, 0, 0"
"0, 0, 0, 0"
"0, 0, 0, 0"
"0, 0, 0, 0"
"0, 0, 0, 0"
"0, 0, 0, 0"
"0, 0, 0, 0"
"0, 0, 0, 0"
"0, 0, 0, 0"
"1, 0, 0, 1"
"0, 0, 0, 0"
"0, 0, 0, 0"
"0, 0, 0, 0"
"0, 0, 0, 0"
"0, 0, 0, 0"
"0, 0, 0, 0"
"0, 0, 0, 0"
"0, 0, 0, 0"
"0, 0, 0, 0"
"0, 0, 0, 0"
"0, 0, 0, 0"
"0, 0, 0, 0"
"0, 0, 0, 0"
"0, 0, 0, 0"
"0, 0, 0, 0"
"0, 0, 0, 0"
"0, 0, 0, 0"
"0, 0, 0, 0"
"0, 0, 0, 0"
"0, 0, 0, 0"
"0, 0, 0, 0"
"0, 0, 0, 0"
"0, 0, 0, 0"
"0, 0, 0, 0"
"0, 0, 0, 0"
"0, 0, 0, 0"
"0, 0, 0, 0"
"0, 0, 0, 0"
"0, 0, 0, 0"
"0, 0, 0, 0"
"0, 0, 0, 0"
"0, 0, 0, 0"
"0, 0, 0, 0"
"0, 0, 0, 0"
"0, 0, 0, 0"
"0, 0, 0, 0"
"0, 0, 0, 0"
"0, 0, 0, 0"
"0, 0, 0, 0"
"0, 0, 0, 0"
"0, 0, 0, 0"
"0, 0, 0, 0"
"0, 0, 0, 0"
"0, 0, 0, 0"
"0, 0, 0, 0"
"0, 0, 0, 0"
"0, 0, 0, 0"
"0, 0, 0, 0"
"0, 0, 0, 0"
"0, 0, 0, 0"
"0, 0, 0, 0"
"0, 0, 0, 0"
"0, 0, 0, 0"
"0, 0, 0, 0"
"0, 0, 0, 0"
"0, 0, 0, 0"
"0, 0, 0, 0"
"0, 0, 0, 0"
"0, 0, 0, 0"
"0, 0, 0, 0"
"0, 0, 0, 0"
"0, 0, 0, 0"
"0, 0, 0, 0"
"0, 0, 0, 0"
"0, 0, 0, 0"
"0, 0, 0, 0"
"0, 0, 0, 0"
"0, 0, 0, 0"
"0, 0, 0, 0"
"0, 0, 0, 0"
"0, 0, 0, 0"
"0, 0, 0, 0"
"0, 0, 0, 0"
"0, 0, 0, 0"
"0, 0, 0, 0"
"0, 0, 0, 0"
"0, 0, 0, 0"
"0, 0, 0, 0"
"0, 0, 0, 0"
"0, 0, 0, 0"
"0, 0, 0, 0"
"0, 0, 0, 0"
"0, 0, 0, 0"
"0, 0, 0, 0"
"0, 0, 0, 0"
"2, 1, 0, 1"
"13, 8, 1, 4"
"0, 0, 0, 0"
"0, 0, 0, 0"
"2, 2, 0, 0"
"3, 2, 0, 1"
"0, 0, 0, 0"
"0, 0, 0, 0"
"5, 1, 0, 4"
"2, 1, 0, 1"
"0, 0, 0, 0"
"0, 0, 0, 0"
"15, 9, 1, 5"
"0, 0, 0, 0"
"2, 1, 0, 1"
"3, 2, 0, 1"
"2, 1, 0, 1"
"2, 1, 0, 1"
"14, 8, 0, 6"
"0, 0, 0, 0"
"0, 0, 0, 0"
"0, 0, 0, 0"
"2, 1, 0, 1"
"5, 4, 0, 1"
"2, 1, 0, 1"
"0, 0, 0, 0"
"2, 2, 0, 0"
"2, 1, 0, 1"
"11, 6, 0, 5"
"0, 0, 0, 0"
"5, 4, 0, 1"
"2, 2, 0, 0"
"3, 2, 0, 1"
"2, 1, 0, 1"
"0, 0, 0, 0"
"2, 0, 0, 2"
"2, 1, 0, 1"
"0, 0, 0, 0"
"0, 0, 0, 0"
"0, 0, 0, 0"
"13, 8, 1, 4"
"1, 1, 0, 0"
"0, 0, 0, 0"
"0, 0, 0, 0"
"0, 0, 0, 0"
"11, 6, 1, 4"
"2, 2, 0, 0"
"0, 0, 0, 0"
"0, 0, 0, 0"
"0, 0, 0, 0"
"0, 0, 0, 0"
"11, 6, 1, 4"
"0, 0, 0, 0"
"13, 8, 1, 4"
"0, 0, 0, 0"
"11, 7, 0, 4"
"7, 4, 1, 2"
"1, 0, 0, 1"
"3, 2, 0, 1"
"0, 0, 0, 0"
"0, 0, 0, 0"
"0, 0, 0, 0"
"10, 6, 1, 3"
"2, 1, 0, 1"
"0, 0, 0, 0"
"0, 0, 0, 0"
"8, 4, 1, 3"
"0, 0, 0, 0"
"0, 0, 0, 0"
"3, 2, 0, 1"
"0, 0, 0, 0"
"2, 0, 0, 2"
"3, 3, 0, 0"
"3, 3, 0, 0"
"4, 1, 1, 2"
"2, 2, 0, 0"
"6, 5, 0, 1"
"2, 1, 0, 1"
"0, 0, 0, 0"
"1, 1, 0, 0"
"2, 2, 0, 0"
"4, 1, 1, 2"
"6, 5, 0, 1"
"8, 2, 1, 5"
"0, 0, 0, 0"
"0, 0, 0, 0"
"0, 0, 0, 0"
"1, 0, 0, 1"
"4, 2, 1, 1"
"0, 0, 0, 0"
"12, 5, 1, 6"
"2, 1, 0, 1"
"12, 5, 1, 6"
"2, 2, 0, 0"
"2, 2, 0, 0"
"5, 1, 0, 4"
"0, 0, 0, 0"
"4, 1, 0, 3"
"1, 1, 0, 0"
"7, 5, 0, 2"
"1, 0, 0, 1"
"0, 0, 0, 0"
"6, 4, 0, 2"
"2, 2, 0, 0"
"3, 1, 1, 1"
"0, 0, 0, 0"
"12, 5, 1, 6"
"12, 5, 1, 6"
"4, 2, 1, 1"
"2, 2, 0, 0"
"1, 0, 0, 1"
"7, 2, 1, 4"
"8, 7, 0, 1"
"7, 1, 1, 5"
"7, 5, 0, 2"
"2, 2, 0, 0"
"6, 5, 0, 1"
"1, 0, 0, 1"
"4, 2, 1, 1"
"12, 5, 1, 6"
"8, 4, 1, 3"
"2, 2, 0, 0"
"2, 2, 0, 0"
"0, 0, 0, 0"
"0, 0, 0, 0"
"0, 0, 0, 0"
"0, 0, 0, 0"
"0, 0, 0, 0"
"0, 0, 0, 0"
"0, 0, 0, 0"
"0, 0, 0, 0"
"0, 0, 0, 0"
"0, 0, 0, 0"
"0, 0, 0, 0"
"0, 0, 0, 0"
"0, 0, 0, 0"
"0, 0, 0, 0"
"0, 0, 0, 0"
"0, 0, 0, 0"
"0, 0, 0, 0"
"0, 0, 0, 0"
"0, 0, 0, 0"
"0, 0, 0, 0"
"0, 0, 0, 0"
"0, 0, 0, 0"
"0, 0, 0, 0"
"0, 0, 0, 0"
"0, 0, 0, 0"
"0, 0, 0, 0"
"0, 0, 0, 0"
"0, 0, 0, 0"
"0, 0, 0, 0"
"0, 0, 0, 0"
"0, 0, 0, 0"
"0, 0, 0, 0"
"0, 0, 0, 0"
"0, 0, 0, 0"
"0, 0, 0, 0"
"0, 0, 0, 0"
"0, 0, 0, 0"
"0, 0, 0, 0"
"0, 0, 0, 0"
"0, 0, 0, 0"
"0, 0, 0, 0"
"0, 0, 0, 0"
"0, 0, 0, 0"
"0, 0, 0, 0"
"0, 0, 0, 0"
"0, 0, 0, 0"
"0, 0, 0, 0"
"0, 0, 0, 0"
"0, 0, 0, 0"
"0, 0, 0, 0"
"0, 0, 0, 0"
"0, 0, 0, 0"
"0, 0, 0, 0"
"0, 0, 0, 0"
"0, 0, 0, 0"
"0, 0, 0, 0"
"0, 0, 0, 0"
"0, 0, 0, 0"
"0, 0, 0, 0"
"0, 0, 0, 0"
"0, 0, 0, 0"
"0, 0, 0, 0"
"0, 0, 0, 0"
"0, 0, 0, 0"
"0, 0, 0, 0"
"0, 0, 0, 0"
"0, 0, 0, 0"
"0, 0, 0, 0"
"6, 4, 0, 2"
"0, 0, 0, 0"
"0, 0, 0, 0"
"0, 0, 0, 0"
"0, 0, 0, 0"
"3, 1, 0, 2"
"0, 0, 0, 0"
"0, 0, 0, 0"
"0, 0, 0, 0"
"0, 0, 0, 0"
"0, 0, 0, 0"
"0, 0, 0, 0"
"0, 0, 0, 0"
"0, 0, 0, 0"
"0, 0, 0, 0"
"3, 1, 0, 2"
"0, 0, 0, 0"
"0, 0, 0, 0"
"0, 0, 0, 0"
"0, 0, 0, 0"
"0, 0, 0, 0"
"0, 0, 0, 0"
"0, 0, 0, 0"
"0, 0, 0, 0"
"0, 0, 0, 0"
"0, 0, 0, 0"
"0, 0, 0, 0"
"0, 0, 0, 0"
"0, 0, 0, 0"
"0, 0, 0, 0"
"0, 0, 0, 0"
"0, 0, 0, 0"
"0, 0, 0, 0"
"0, 0, 0, 0"
"0, 0, 0, 0"
"0, 0, 0, 0"
"1, 0, 0, 1"
"0, 0, 0, 0"
"0, 0, 0, 0"
"0, 0, 0, 0"
"3, 1, 0, 2"
"0, 0, 0, 0"
"0, 0, 0, 0"
"0, 0, 0, 0"
"0, 0, 0, 0"
"0, 0, 0, 0"
"0, 0, 0, 0"
"0, 0, 0, 0"
"0, 0, 0, 0"
"0, 0, 0, 0"
"0, 0, 0, 0"
"0, 0, 0, 0"
"0, 0, 0, 0"
"0, 0, 0, 0"
"0, 0, 0, 0"
"0, 0, 0, 0"
"3, 2, 0, 1"
"0, 0, 0, 0"
"5, 3, 0, 2"
"5, 4, 0, 1"
"0, 0, 0, 0"
"0, 0, 0, 0"
"5, 4, 0, 1"
"2, 1, 0, 1"
"3, 2, 0, 1"
"0, 0, 0, 0"
"4, 3, 0, 1"
"5, 3, 0, 2"
"4, 3, 0, 1"
"1, 0, 0, 1"
"5, 4, 0, 1"
"0, 0, 0, 0"
"0, 0, 0, 0"
"6, 4, 0, 2"
"1, 1, 0, 0"
"0, 0, 0, 0"
"1, 1, 0, 0"
"0, 0, 0, 0"
"0, 0, 0, 0"
"3, 2, 0, 1"
"0, 0, 0, 0"
"5, 4, 0, 1"
"2, 1, 0, 1"
"0, 0, 0, 0"
"1, 1, 0, 0"
"1, 1, 0, 0"
"0, 0, 0, 0"
"0, 0, 0, 0"
"5, 3, 0, 2"
"5, 3, 0, 2"
"0, 0, 0, 0"
"6, 4, 0, 2"
"1, 1, 0, 0"
"5, 3, 0, 2"
"1, 1, 0, 0"
"4, 3, 0, 1"
"0, 0, 0, 0"
"5, 4, 0, 1"
"2, 1, 0, 1"
"0, 0, 0, 0"
"2, 2, 0, 0"
"0, 0, 0, 0"
"0, 0, 0, 0"
"0, 0, 0, 0"
"6, 5, 0, 1"
"6, 4, 0, 2"
"1, 1, 0, 0"
"5, 3, 0, 2"
"0, 0, 0, 0"
"0, 0, 0, 0"
"6, 4, 0, 2"
"0, 0, 0, 0"
"1, 1, 0, 0"
"5, 4, 0, 1"
"5, 3, 0, 2"
"9, 6, 0, 3"
"1, 0, 0, 1"
"0, 0, 0, 0"
"6, 4, 0, 2"
"0, 0, 0, 0"
"3, 2, 0, 1"
"0, 0, 0, 0"
"0, 0, 0, 0"
"2, 2, 0, 0"
"0, 0, 0, 0"
"0, 0, 0, 0"
"0, 0, 0, 0"
"0, 0, 0, 0"
"3, 3, 0, 0"
"6, 2, 2, 2"
"0, 0, 0, 0"
"0, 0, 0, 0"
"0, 0, 0, 0"
"0, 0, 0, 0"
"0, 0, 0, 0"
"0, 0, 0, 0"
"0, 0, 0, 0"
"2, 2, 0, 0"
"0, 0, 0, 0"
"0, 0, 0, 0"
"4, 2, 0, 2"
"0, 0, 0, 0"
"0, 0, 0, 0"
"0, 0, 0, 0"
"0, 0, 0, 0"
"0, 0, 0, 0"
"0, 0, 0, 0"
"0, 0, 0, 0"
"0, 0, 0, 0"
"0, 0, 0, 0"
"0, 0, 0, 0"
"5, 5, 0, 0"
"0, 0, 0, 0"
"0, 0, 0, 0"
"0, 0, 0, 0"
"3, 2, 0, 1"
"1, 0, 0, 1"
"6, 5, 0, 1"
"0, 0, 0, 0"
"0, 0, 0, 0"
"0, 0, 0, 0"
"0, 0, 0, 0"
"0, 0, 0, 0"
"0, 0, 0, 0"
"0, 0, 0, 0"
"0, 0, 0, 0"
"3, 2, 0, 1"
"3, 2, 0, 1"
"0, 0, 0, 0"
"0, 0, 0, 0"
"0, 0, 0, 0"
"0, 0, 0, 0"
"0, 0, 0, 0"
"0, 0, 0, 0"
"0, 0, 0, 0"
"0, 0, 0, 0"
"1, 0, 0, 1"
"0, 0, 0, 0"
"2, 0, 0, 2"
"0, 0, 0, 0"
"0, 0, 0, 0"
"0, 0, 0, 0"
"0, 0, 0, 0"
"0, 0, 0, 0"
"0, 0, 0, 0"
"3, 2, 0, 1"
"0, 0, 0, 0"
"0, 0, 0, 0"
"0, 0, 0, 0"
"0, 0, 0, 0"
"0, 0, 0, 0"
"10, 4, 2, 4"
"1, 0, 0, 1"
"0, 0, 0, 0"
"1, 0, 0, 1"
"0, 0, 0, 0"
"5, 4, 0, 1"
"0, 0, 0, 0"
"3, 2, 0, 1"
"0, 0, 0, 0"
"0, 0, 0, 0"
"0, 0, 0, 0"
"0, 0, 0, 0"
"0, 0, 0, 0"
"0, 0, 0, 0"
"0, 0, 0, 0"
"0, 0, 0, 0"
"4, 2, 0, 2"
"0, 0, 0, 0"
"0, 0, 0, 0"
"0, 0, 0, 0"
"6, 5, 0, 1"
"0, 0, 0, 0"
"0, 0, 0, 0"
"0, 0, 0, 0"
"0, 0, 0, 0"
"0, 0, 0, 0"
"6, 5, 0, 1"
"0, 0, 0, 0"
"2, 0, 0, 2"
"0, 0, 0, 0"
"0, 0, 0, 0"
"0, 0, 0, 0"
"0, 0, 0, 0"
"0, 0, 0, 0"
"0, 0, 0, 0"
"0, 0, 0, 0"
"0, 0, 0, 0"
"0, 0, 0, 0"
"3, 2, 0, 1"
"0, 0, 0, 0"
"0, 0, 0, 0"
"0, 0, 0, 0"
"0, 0, 0, 0"
"0, 0, 0, 0"
"0, 0, 0, 0"
"0, 0, 0, 0"
"0, 0, 0, 0"
"0, 0, 0, 0"
"3, 2, 0, 1"
"0, 0, 0, 0"
"0, 0, 0, 0"
"0, 0, 0, 0"
"0, 0, 0, 0"
"9, 6, 0, 3"
"0, 0, 0, 0"
"0, 0, 0, 0"
"0, 0, 0, 0"
"12, 8, 0, 4"
"0, 0, 0, 0"
"0, 0, 0, 0"
"0, 0, 0, 0"
"0, 0, 0, 0"
"2, 2, 0, 0"
"0, 0, 0, 0"
"3, 2, 0, 1"
"9, 7, 0, 2"
"0, 0, 0, 0"
"1, 0, 0, 1"
"0, 0, 0, 0"
"0, 0, 0, 0"
"0, 0, 0, 0"
"2, 1, 0, 1"
"0, 0, 0, 0"
"0, 0, 0, 0"
"3, 2, 0, 1"
"0, 0, 0, 0"
"0, 0, 0, 0"
"0, 0, 0, 0"
"0, 0, 0, 0"
"0, 0, 0, 0"
"0, 0, 0, 0"
"0, 0, 0, 0"
"4, 2, 0, 2"
"0, 0, 0, 0"
"0, 0, 0, 0"
"0, 0, 0, 0"
"0, 0, 0, 0"
"0, 0, 0, 0"
"0, 0, 0, 0"
"0, 0, 0, 0"
"0, 0, 0, 0"
"0, 0, 0, 0"
"3, 2, 0, 1"
"0, 0, 0, 0"
"0, 0, 0, 0"
"0, 0, 0, 0"
"0, 0, 0, 0"
"0, 0, 0, 0"
"1, 0, 0, 1"
"2, 0, 0, 2"
"0, 0, 0, 0"
"0, 0, 0, 0"
"0, 0, 0, 0"
"2, 2, 0, 0"
"0, 0, 0, 0"
"0, 0, 0, 0"
"2, 1, 0, 1"
"0, 0, 0, 0"
"3, 2, 0, 1"
"0, 0, 0, 0"
"2, 2, 0, 0"
"0, 0, 0, 0"
"0, 0, 0, 0"
"0, 0, 0, 0"
"0, 0, 0, 0"
"0, 0, 0, 0"
"0, 0, 0, 0"
"1, 0, 0, 1"
"5, 5, 0, 0"
"0, 0, 0, 0"
"0, 0, 0, 0"
"0, 0, 0, 0"
"0, 0, 0, 0"
"0, 0, 0, 0"
"0, 0, 0, 0"
"7, 3, 2, 2"
"0, 0, 0, 0"
"0, 0, 0, 0"
"0, 0, 0, 0"
"0, 0, 0, 0"
"7, 2, 2, 3"
"0, 0, 0, 0"
"0, 0, 0, 0"
"0, 0, 0, 0"
"0, 0, 0, 0"
"6, 5, 0, 1"
"3, 2, 0, 1"
"0, 0, 0, 0"
"3, 2, 0, 1"
"0, 0, 0, 0"
"0, 0, 0, 0"
"0, 0, 0, 0"
"0, 0, 0, 0"
"0, 0, 0, 0"
"0, 0, 0, 0"
"0, 0, 0, 0"
"0, 0, 0, 0"
"0, 0, 0, 0"
"1, 0, 0, 1"
"0, 0, 0, 0"
"0, 0, 0, 0"
"0, 0, 0, 0"
"3, 3, 0, 0"
"0, 0, 0, 0"
"0, 0, 0, 0"
"3, 2, 0, 1"
"2, 2, 0, 0"
"0, 0, 0, 0"
"0, 0, 0, 0"
"6, 5, 0, 1"
"0, 0, 0, 0"
"8, 2, 2, 4"
"0, 0, 0, 0"
"0, 0, 0, 0"
"0, 0, 0, 0"
"0, 0, 0, 0"
"0, 0, 0, 0"
"0, 0, 0, 0"
"0, 0, 0, 0"
"0, 0, 0, 0"
"0, 0, 0, 0"
"0, 0, 0, 0"
"0, 0, 0, 0"
"0, 0, 0, 0"
"0, 0, 0, 0"
"0, 0, 0, 0"
"0, 0, 0, 0"
"0, 0, 0, 0"
"0, 0, 0, 0"
"0, 0, 0, 0"
"3, 2, 0, 1"
"0, 0, 0, 0"
"0, 0, 0, 0"
"0, 0, 0, 0"
"0, 0, 0, 0"
"0, 0, 0, 0"
"9, 6, 0, 3"
"0, 0, 0, 0"
"4, 2, 0, 2"
"0, 0, 0, 0"
"0, 0, 0, 0"
"0, 0, 0, 0"
"0, 0, 0, 0"
"3, 2, 0, 1"
"0, 0, 0, 0"
"11, 4, 2, 5"
"6, 5, 0, 1"
"0, 0, 0, 0"
"0, 0, 0, 0"
"0, 0, 0, 0"
"0, 0, 0, 0"
"0, 0, 0, 0"
"6, 5, 0, 1"
"0, 0, 0, 0"
"0, 0, 0, 0"
"0, 0, 0, 0"
"0, 0, 0, 0"
"0, 0, 0, 0"
"0, 0, 0, 0"
"0, 0, 0, 0"
"0, 0, 0, 0"
"0, 0, 0, 0"
"2, 2, 0, 0"
"1, 0, 0, 1"
"0, 0, 0, 0"
"4, 2, 0, 2"
"0, 0, 0, 0"
"0, 0, 0, 0"
"0, 0, 0, 0"
"0, 0, 0, 0"
"0, 0, 0, 0"
"0, 0, 0, 0"
"0, 0, 0, 0"
"0, 0, 0, 0"
"0, 0, 0, 0"
"0, 0, 0, 0"
"0, 0, 0, 0"
"0, 0, 0, 0"
"0, 0, 0, 0"
"0, 0, 0, 0"
"0, 0, 0, 0"
"0, 0, 0, 0"
"1, 0, 0, 1"
"1, 0, 0, 1"
"0, 0, 0, 0"
"0, 0, 0, 0"
"0, 0, 0, 0"
"0, 0, 0, 0"
"0, 0, 0, 0"
"0, 0, 0, 0"
"6, 5, 0, 1"
"0, 0, 0, 0"
"0, 0, 0, 0"
"0, 0, 0, 0"
"0, 0, 0, 0"
"0, 0, 0, 0"
"0, 0, 0, 0"
"0, 0, 0, 0"
"0, 0, 0, 0"
"0, 0, 0, 0"
"0, 0, 0, 0"
"1, 0, 0, 1"
"5, 5, 0, 0"
"0, 0, 0, 0"
"6, 5, 0, 1"
"0, 0, 0, 0"
"3, 2, 0, 1"
"0, 0, 0, 0"
"0, 0, 0, 0"
"0, 0, 0, 0"
"0, 0, 0, 0"
"0, 0, 0, 0"
"0, 0, 0, 0"
"0, 0, 0, 0"
"0, 0, 0, 0"
"8, 3, 2, 3"
"0, 0, 0, 0"
"0, 0, 0, 0"
"0, 0, 0, 0"
"0, 0, 0, 0"
"6, 5, 0, 1"
"9, 4, 2, 3"
"0, 0, 0, 0"
"0, 0, 0, 0"
"0, 0, 0, 0"
"0, 0, 0, 0"
"0, 0, 0, 0"
"0, 0, 0, 0"
"0, 0, 0, 0"
"0, 0, 0, 0"
"0, 0, 0, 0"
"0, 0, 0, 0"
"0, 0, 0, 0"
"0, 0, 0, 0"
"2, 0, 0, 2"
"5, 5, 0, 0"
"0, 0, 0, 0"
"0, 0, 0, 0"
"9, 6, 0, 3"
"0, 0, 0, 0"
"0, 0, 0, 0"
"7, 4, 0, 3"
"2, 2, 0, 0"
"0, 0, 0, 0"
"0, 0, 0, 0"
"6, 5, 0, 1"
"3, 2, 0, 1"
"0, 0, 0, 0"
"0, 0, 0, 0"
"0, 0, 0, 0"
"0, 0, 0, 0"
"0, 0, 0, 0"
"0, 0, 0, 0"
"0, 0, 0, 0"
"0, 0, 0, 0"
"0, 0, 0, 0"
"0, 0, 0, 0"
"0, 0, 0, 0"
"0, 0, 0, 0"
"3, 2, 0, 1"
"0, 0, 0, 0"
"0, 0, 0, 0"
"0, 0, 0, 0"
"0, 0, 0, 0"
"0, 0, 0, 0"
"0, 0, 0, 0"
"0, 0, 0, 0"
"3, 2, 0, 1"
"5, 5, 0, 0"
"0, 0, 0, 0"
"0, 0, 0, 0"
"0, 0, 0, 0"
"9, 6, 0, 3"
"0, 0, 0, 0"
"8, 6, 0, 2"
"1, 0, 0, 1"
"2, 0, 0, 2"
"0, 0, 0, 0"
"0, 0, 0, 0"
"0, 0, 0, 0"
"11, 9, 0, 2"
"0, 0, 0, 0"
"9, 4, 2, 3"
"0, 0, 0, 0"
"0, 0, 0, 0"
"0, 0, 0, 0"
"2, 2, 0, 0"
"0, 0, 0, 0"
"0, 0, 0, 0"
"5, 4, 0, 1"
"3, 2, 0, 1"
"0, 0, 0, 0"
"0, 0, 0, 0"
"0, 0, 0, 0"
"0, 0, 0, 0"
"0, 0, 0, 0"
"0, 0, 0, 0"
"0, 0, 0, 0"
"0, 0, 0, 0"
"2, 0, 0, 2"
"0, 0, 0, 0"
"0, 0, 0, 0"
"0, 0, 0, 0"
"0, 0, 0, 0"
"0, 0, 0, 0"
"0, 0, 0, 0"
"0, 0, 0, 0"
"3, 2, 0, 1"
"3, 2, 0, 1"
"0, 0, 0, 0"
"0, 0, 0, 0"
"0, 0, 0, 0"
"0, 0, 0, 0"
"0, 0, 0, 0"
"0, 0, 0, 0"
"0, 0, 0, 0"
"0, 0, 0, 0"
"3, 2, 0, 1"
"0, 0, 0, 0"
"0, 0, 0, 0"
"0, 0, 0, 0"
"0, 0, 0, 0"
"0, 0, 0, 0"
"0, 0, 0, 0"
"0, 0, 0, 0"
"0, 0, 0, 0"
"1, 0, 0, 1"
"2, 0, 0, 2"
"0, 0, 0, 0"
"3, 2, 0, 1"
"0, 0, 0, 0"
"0, 0, 0, 0"
"0, 0, 0, 0"
"0, 0, 0, 0"
"0, 0, 0, 0"
"3, 0, 0, 3"
"1, 0, 0, 1"
"0, 0, 0, 0"
"0, 0, 0, 0"
"0, 0, 0, 0"
"3, 2, 0, 1"
"2, 0, 0, 2"
"0, 0, 0, 0"
"0, 0, 0, 0"
"0, 0, 0, 0"
"1, 0, 0, 1"
"0, 0, 0, 0"
"0, 0, 0, 0"
"0, 0, 0, 0"
"0, 0, 0, 0"
"0, 0, 0, 0"
"0, 0, 0, 0"
"0, 0, 0, 0"
"3, 2, 0, 1"
"0, 0, 0, 0"
"0, 0, 0, 0"
"0, 0, 0, 0"
"0, 0, 0, 0"
"2, 0, 0, 2"
"0, 0, 0, 0"
"0, 0, 0, 0"
"0, 0, 0, 0"
"1, 0, 0, 1"
"0, 0, 0, 0"
"0, 0, 0, 0"
"0, 0, 0, 0"
"3, 2, 0, 1"
"0, 0, 0, 0"
"0, 0, 0, 0"
"0, 0, 0, 0"
"0, 0, 0, 0"
"0, 0, 0, 0"
"2, 0, 0, 2"
"0, 0, 0, 0"
"0, 0, 0, 0"
"0, 0, 0, 0"
"0, 0, 0, 0"
"0, 0, 0, 0"
"2, 0, 0, 2"
"1, 0, 0, 1"
"0, 0, 0, 0"
"1, 0, 0, 1"
"0, 0, 0, 0"
"0, 0, 0, 0"
"0, 0, 0, 0"
"0, 0, 0, 0"
"1, 0, 0, 1"
"0, 0, 0, 0"
"0, 0, 0, 0"
"0, 0, 0, 0"
"2, 0, 0, 2"
"0, 0, 0, 0"
"0, 0, 0, 0"
"3, 0, 0, 3"
"0, 0, 0, 0"
"0, 0, 0, 0"
"0, 0, 0, 0"
"0, 0, 0, 0"
"0, 0, 0, 0"
"0, 0, 0, 0"
"0, 0, 0, 0"
"0, 0, 0, 0"
"1, 0, 0, 1"
"0, 0, 0, 0"
"0, 0, 0, 0"
"3, 2, 0, 1"
"0, 0, 0, 0"
"2, 0, 0, 2"
"0, 0, 0, 0"
"0, 0, 0, 0"
"3, 2, 0, 1"
"0, 0, 0, 0"
"0, 0, 0, 0"
"0, 0, 0, 0"
"0, 0, 0, 0"
"2, 0, 0, 2"
"1, 0, 0, 1"
"0, 0, 0, 0"
"0, 0, 0, 0"
"0, 0, 0, 0"
"0, 0, 0, 0"
"2, 0, 0, 2"
"3, 0, 0, 3"
"0, 0, 0, 0"
"3, 2, 0, 1"
"0, 0, 0, 0"
"0, 0, 0, 0"
"0, 0, 0, 0"
"2, 0, 0, 2"
"1, 0, 0, 1"
"0, 0, 0, 0"
"0, 0, 0, 0"
"1, 0, 0, 1"
"0, 0, 0, 0"
"0, 0, 0, 0"
"0, 0, 0, 0"
"0, 0, 0, 0"
"0, 0, 0, 0"
"0, 0, 0, 0"
"0, 0, 0, 0"
"0, 0, 0, 0"
"0, 0, 0, 0"
"0, 0, 0, 0"
"0, 0, 0, 0"
"0, 0, 0, 0"
"0, 0, 0, 0"
"6, 4, 2, 0"
"0, 0, 0, 0"
"1, 0, 0, 1"
"0, 0, 0, 0"
"5, 3, 1, 1"
"0, 0, 0, 0"
"0, 0, 0, 0"
"2, 1, 0, 1"
"2, 1, 0, 1"
"0, 0, 0, 0"
"9, 7, 0, 2"
"0, 0, 0, 0"
"6, 5, 0, 1"
"6, 5, 0, 1"
"5, 5, 0, 0"
"2, 1, 0, 1"
"2, 1, 0, 1"
"0, 0, 0, 0"
"0, 0, 0, 0"
"5, 3, 0, 2"
"0, 0, 0, 0"
"2, 1, 0, 1"
"0, 0, 0, 0"
"6, 3, 1, 2"
"0, 0, 0, 0"
"5, 3, 0, 2"
"6, 5, 0, 1"
"0, 0, 0, 0"
"3, 2, 0, 1"
"3, 2, 0, 1"
"2, 0, 1, 1"
"5, 5, 0, 0"
"3, 2, 0, 1"
"0, 0, 0, 0"
"0, 0, 0, 0"
"3, 0, 1, 2"
"6, 5, 0, 1"
"0, 0, 0, 0"
"0, 0, 0, 0"
"0, 0, 0, 0"
"1, 0, 0, 1"
"0, 0, 0, 0"
"1, 0, 0, 1"
"0, 0, 0, 0"
"3, 1, 0, 2"
"3, 3, 0, 0"
"0, 0, 0, 0"
"0, 0, 0, 0"
"2, 1, 0, 1"
"3, 3, 0, 0"
"0, 0, 0, 0"
"2, 1, 0, 1"
"12, 8, 1, 3"
"5, 5, 0, 0"
"4, 2, 0, 2"
"2, 0, 1, 1"
"2, 1, 0, 1"
"12, 8, 1, 3"
"0, 0, 0, 0"
"1, 0, 0, 1"
"0, 0, 0, 0"
"3, 3, 0, 0"
"0, 0, 0, 0"
"0, 0, 0, 0"
"0, 0, 0, 0"
"6, 5, 0, 1"
"0, 0, 0, 0"
"3, 2, 0, 1"
"0, 0, 0, 0"
"0, 0, 0, 0"
"0, 0, 0, 0"
"0, 0, 0, 0"
"0, 0, 0, 0"
"0, 0, 0, 0"
"0, 0, 0, 0"
"0, 0, 0, 0"
"0, 0, 0, 0"
"0, 0, 0, 0"
"0, 0, 0, 0"
"0, 0, 0, 0"
"0, 0, 0, 0"
"0, 0, 0, 0"
"0, 0, 0, 0"
"0, 0, 0, 0"
"0, 0, 0, 0"
"0, 0, 0, 0"
"0, 0, 0, 0"
"1, 0, 0, 1"
"0, 0, 0, 0"
"0, 0, 0, 0"
"0, 0, 0, 0"
"0, 0, 0, 0"
"0, 0, 0, 0"
"0, 0, 0, 0"
"0, 0, 0, 0"
"0, 0, 0, 0"
"0, 0, 0, 0"
"0, 0, 0, 0"
"0, 0, 0, 0"
"0, 0, 0, 0"
"0, 0, 0, 0"
"0, 0, 0, 0"
"0, 0, 0, 0"
"0, 0, 0, 0"
"0, 0, 0, 0"
"0, 0, 0, 0"
"0, 0, 0, 0"
"0, 0, 0, 0"
"0, 0, 0, 0"
"0, 0, 0, 0"
"0, 0, 0, 0"
"0, 0, 0, 0"
"0, 0, 0, 0"
"0, 0, 0, 0"
"0, 0, 0, 0"
"0, 0, 0, 0"
"0, 0, 0, 0"
"0, 0, 0, 0"
"0, 0, 0, 0"
"1, 0, 0, 1"
"0, 0, 0, 0"
"0, 0, 0, 0"
"0, 0, 0, 0"
"0, 0, 0, 0"
"0, 0, 0, 0"
"0, 0, 0, 0"
"0, 0, 0, 0"
"0, 0, 0, 0"
"0, 0, 0, 0"
"0, 0, 0, 0"
"0, 0, 0, 0"
"0, 0, 0, 0"
"0, 0, 0, 0"
"0, 0, 0, 0"
"0, 0, 0, 0"
"0, 0, 0, 0"
"0, 0, 0, 0"
"1, 0, 0, 1"
"0, 0, 0, 0"
"0, 0, 0, 0"
"0, 0, 0, 0"
"0, 0, 0, 0"
"0, 0, 0, 0"
"0, 0, 0, 0"
"0, 0, 0, 0"
"0, 0, 0, 0"
"0, 0, 0, 0"
"0, 0, 0, 0"
"0, 0, 0, 0"
"0, 0, 0, 0"
"0, 0, 0, 0"
"0, 0, 0, 0"
"0, 0, 0, 0"
"0, 0, 0, 0"
"0, 0, 0, 0"
"0, 0, 0, 0"
"0, 0, 0, 0"
"1, 0, 0, 1"
"0, 0, 0, 0"
"0, 0, 0, 0"
"0, 0, 0, 0"
"0, 0, 0, 0"
"0, 0, 0, 0"
"0, 0, 0, 0"
"0, 0, 0, 0"
"0, 0, 0, 0"
"0, 0, 0, 0"
"0, 0, 0, 0"
"0, 0, 0, 0"
"0, 0, 0, 0"
"1, 0, 0, 1"
"0, 0, 0, 0"
"0, 0, 0, 0"
"1, 0, 0, 1"
"0, 0, 0, 0"
"0, 0, 0, 0"
"1, 0, 0, 1"
"0, 0, 0, 0"
"0, 0, 0, 0"
"0, 0, 0, 0"
"0, 0, 0, 0"
"0, 0, 0, 0"
"0, 0, 0, 0"
"0, 0, 0, 0"
"0, 0, 0, 0"
"0, 0, 0, 0"
"0, 0, 0, 0"
"0, 0, 0, 0"
"0, 0, 0, 0"
"0, 0, 0, 0"
"0, 0, 0, 0"
"0, 0, 0, 0"
"5, 4, 0, 1"
"0, 0, 0, 0"
"0, 0, 0, 0"
"0, 0, 0, 0"
"0, 0, 0, 0"
"3, 0, 0, 3"
"0, 0, 0, 0"
"0, 0, 0, 0"
"5, 4, 0, 1"
"0, 0, 0, 0"
"0, 0, 0, 0"
"5, 0, 4, 1"
"1, 0, 0, 1"
"5, 2, 0, 3"
"0, 0, 0, 0"
"0, 0, 0, 0"
"2, 1, 0, 1"
"0, 0, 0, 0"
"0, 0, 0, 0"
"2, 1, 0, 1"
"0, 0, 0, 0"
"0, 0, 0, 0"
"4, 2, 0, 2"
"0, 0, 0, 0"
"5, 2, 0, 3"
"0, 0, 0, 0"
"0, 0, 0, 0"
"0, 0, 0, 0"
"0, 0, 0, 0"
"0, 0, 0, 0"
"0, 0, 0, 0"
"0, 0, 0, 0"
"0, 0, 0, 0"
"0, 0, 0, 0"
"3, 0, 0, 3"
"0, 0, 0, 0"
"0, 0, 0, 0"
"0, 0, 0, 0"
"5, 2, 0, 3"
"5, 0, 4, 1"
"0, 0, 0, 0"
"1, 0, 0, 1"
"0, 0, 0, 0"
"0, 0, 0, 0"
"0, 0, 0, 0"
"0, 0, 0, 0"
"4, 3, 0, 1"
"0, 0, 0, 0"
"0, 0, 0, 0"
"2, 1, 0, 1"
"0, 0, 0, 0"
"0, 0, 0, 0"
"0, 0, 0, 0"
"0, 0, 0, 0"
"0, 0, 0, 0"
"0, 0, 0, 0"
"5, 4, 0, 1"
"0, 0, 0, 0"
"0, 0, 0, 0"
"5, 0, 4, 1"
"0, 0, 0, 0"
"0, 0, 0, 0"
"0, 0, 0, 0"
"1, 0, 0, 1"
"0, 0, 0, 0"
"0, 0, 0, 0"
"5, 0, 4, 1"
"0, 0, 0, 0"
"1, 0, 0, 1"
"0, 0, 0, 0"
"0, 0, 0, 0"
"5, 2, 0, 3"
"0, 0, 0, 0"
"2, 1, 0, 1"
"0, 0, 0, 0"
"4, 3, 0, 1"
"0, 0, 0, 0"
"0, 0, 0, 0"
"0, 0, 0, 0"
"0, 0, 0, 0"
"0, 0, 0, 0"
"5, 4, 0, 1"
"0, 0, 0, 0"
"0, 0, 0, 0"
"0, 0, 0, 0"
"0, 0, 0, 0"
"5, 0, 4, 1"
"0, 0, 0, 0"
"5, 2, 0, 3"
"5, 4, 0, 1"
"5, 1, 0, 4"
"0, 0, 0, 0"
"5, 4, 0, 1"
"3, 1, 0, 2"
"11, 7, 0, 4"
"0, 0, 0, 0"
"0, 0, 0, 0"
"0, 0, 0, 0"
"3, 1, 0, 2"
"2, 2, 0, 0"
"6, 1, 0, 5"
"0, 0, 0, 0"
"3, 1, 0, 2"
"0, 0, 0, 0"
"11, 7, 0, 4"
"11, 7, 0, 4"
"0, 0, 0, 0"
"8, 3, 0, 5"
"0, 0, 0, 0"
"3, 1, 0, 2"
"7, 2, 0, 5"
"5, 4, 0, 1"
"1, 0, 0, 1"
"3, 2, 0, 1"
"0, 0, 0, 0"
"0, 0, 0, 0"
"0, 0, 0, 0"
"0, 0, 0, 0"
"0, 0, 0, 0"
"10, 6, 0, 4"
"3, 2, 0, 1"
"0, 0, 0, 0"
"1, 0, 0, 1"
"3, 2, 0, 1"
"1, 0, 0, 1"
"2, 2, 0, 0"
"0, 0, 0, 0"
"0, 0, 0, 0"
"0, 0, 0, 0"
"0, 0, 0, 0"
"0, 0, 0, 0"
"6, 5, 0, 1"
"0, 0, 0, 0"
"0, 0, 0, 0"
"0, 0, 0, 0"
"0, 0, 0, 0"
"0, 0, 0, 0"
"0, 0, 0, 0"
"0, 0, 0, 0"
"0, 0, 0, 0"
"0, 0, 0, 0"
"0, 0, 0, 0"
"0, 0, 0, 0"
"0, 0, 0, 0"
"0, 0, 0, 0"
"0, 0, 0, 0"
"3, 1, 1, 1"
"0, 0, 0, 0"
"0, 0, 0, 0"
"0, 0, 0, 0"
"0, 0, 0, 0"
"0, 0, 0, 0"
"3, 2, 0, 1"
"0, 0, 0, 0"
"0, 0, 0, 0"
"0, 0, 0, 0"
"6, 5, 0, 1"
"0, 0, 0, 0"
"0, 0, 0, 0"
"0, 0, 0, 0"
"0, 0, 0, 0"
"3, 2, 0, 1"
"0, 0, 0, 0"
"0, 0, 0, 0"
"6, 4, 2, 0"
"0, 0, 0, 0"
"0, 0, 0, 0"
"0, 0, 0, 0"
"0, 0, 0, 0"
"0, 0, 0, 0"
"6, 5, 0, 1"
"0, 0, 0, 0"
"3, 1, 1, 1"
"3, 2, 0, 1"
"0, 0, 0, 0"
"3, 2, 0, 1"
"0, 0, 0, 0"
"0, 0, 0, 0"
"0, 0, 0, 0"
"3, 2, 0, 1"
"0, 0, 0, 0"
"0, 0, 0, 0"
"6, 5, 0, 1"
"0, 0, 0, 0"
"0, 0, 0, 0"
"0, 0, 0, 0"
"0, 0, 0, 0"
"0, 0, 0, 0"
"3, 2, 0, 1"
"0, 0, 0, 0"
"0, 0, 0, 0"
"0, 0, 0, 0"
"0, 0, 0, 0"
"0, 0, 0, 0"
"3, 1, 1, 1"
"0, 0, 0, 0"
"0, 0, 0, 0"
"0, 0, 0, 0"
"6, 4, 2, 0"
"0, 0, 0, 0"
"3, 2, 0, 1"
"0, 0, 0, 0"
"0, 0, 0, 0"
"0, 0, 0, 0"
"0, 0, 0, 0"
"0, 0, 0, 0"
"3, 1, 1, 1"
"0, 0, 0, 0"
"0, 0, 0, 0"
"0, 0, 0, 0"
"0, 0, 0, 0"
"0, 0, 0, 0"
"0, 0, 0, 0"
"0, 0, 0, 0"
"0, 0, 0, 0"
"0, 0, 0, 0"
"0, 0, 0, 0"
"0, 0, 0, 0"
"0, 0, 0, 0"
"0, 0, 0, 0"
"0, 0, 0, 0"
"0, 0, 0, 0"
"0, 0, 0, 0"
"0, 0, 0, 0"
"0, 0, 0, 0"
"6, 4, 2, 0"
"0, 0, 0, 0"
"0, 0, 0, 0"
"0, 0, 0, 0"
"0, 0, 0, 0"
"3, 2, 0, 1"
"0, 0, 0, 0"
"0, 0, 0, 0"
"6, 5, 0, 1"
"0, 0, 0, 0"
"0, 0, 0, 0"
"3, 1, 1, 1"
"0, 0, 0, 0"
"0, 0, 0, 0"
"0, 0, 0, 0"
"0, 0, 0, 0"
"3, 2, 0, 1"
"0, 0, 0, 0"
"0, 0, 0, 0"
"0, 0, 0, 0"
"6, 5, 0, 1"
"0, 0, 0, 0"
"0, 0, 0, 0"
"3, 1, 1, 1"
"0, 0, 0, 0"
"0, 0, 0, 0"
"0, 0, 0, 0"
"0, 0, 0, 0"
"6, 4, 2, 0"
"0, 0, 0, 0"
"3, 2, 0, 1"
"0, 0, 0, 0"
"0, 0, 0, 0"
"0, 0, 0, 0"
"0, 0, 0, 0"
"0, 0, 0, 0"
"0, 0, 0, 0"
"0, 0, 0, 0"
"0, 0, 0, 0"
"3, 2, 0, 1"
"0, 0, 0, 0"
"6, 4, 2, 0"
"0, 0, 0, 0"
"0, 0, 0, 0"
"6, 5, 0, 1"
"0, 0, 0, 0"
"6, 5, 0, 1"
"0, 0, 0, 0"
"0, 0, 0, 0"
"0, 0, 0, 0"
"0, 0, 0, 0"
"0, 0, 0, 0"
"0, 0, 0, 0"
"0, 0, 0, 0"
"0, 0, 0, 0"
"0, 0, 0, 0"
"0, 0, 0, 0"
"0, 0, 0, 0"
"0, 0, 0, 0"
"0, 0, 0, 0"
"0, 0, 0, 0"
"0, 0, 0, 0"
"0, 0, 0, 0"
"0, 0, 0, 0"